NodeId	Chain	Position	Residue	Dssp	Degree	Bfactor_CA	x	y	z	pdbFileName	Model
A:1:_:MET	A	1	MET	NaN	3	106.600	11.416	-38.686	58.076	input_file.pdb#1.A	1
A:2:_:ARG	A	2	ARG	NaN	4	108.810	13.261	-39.194	54.775	input_file.pdb#2.A	1
A:3:_:TYR	A	3	TYR	NaN	9	78.100	11.021	-41.795	53.068	input_file.pdb#3.A	1
A:4:_:ARG	A	4	ARG	NaN	9	74.150	8.473	-39.070	52.321	input_file.pdb#4.A	1
A:5:_:LYS	A	5	LYS	NaN	8	69.120	10.125	-37.816	49.112	input_file.pdb#5.A	1
A:6:_:GLY	A	6	GLY	NaN	9	62.730	10.331	-41.286	47.583	input_file.pdb#6.A	1
A:7:_:ALA	A	7	ALA	NaN	13	64.950	6.747	-41.974	48.611	input_file.pdb#7.A	1
A:8:_:ARG	A	8	ARG	NaN	13	62.000	5.666	-38.763	46.875	input_file.pdb#8.A	1
A:9:_:ASP	A	9	ASP	NaN	9	61.850	7.559	-39.683	43.714	input_file.pdb#9.A	1
A:10:_:THR	A	10	THR	NaN	12	67.120	5.951	-43.131	43.622	input_file.pdb#10.A	1
A:11:_:ALA	A	11	ALA	NaN	13	59.710	2.505	-41.666	44.254	input_file.pdb#11.A	1
A:12:_:PHE	A	12	PHE	NaN	11	50.890	3.032	-39.130	41.478	input_file.pdb#12.A	1
A:13:_:LEU	A	13	LEU	NaN	9	62.590	3.985	-41.846	38.990	input_file.pdb#13.A	1
A:14:_:VAL	A	14	VAL	NaN	13	67.710	0.923	-43.873	39.986	input_file.pdb#14.A	1
A:15:_:LEU	A	15	LEU	NaN	13	76.610	-1.429	-40.902	39.541	input_file.pdb#15.A	1
A:16:_:TYR	A	16	TYR	NaN	12	72.030	0.183	-39.784	36.273	input_file.pdb#16.A	1
A:17:_:ARG	A	17	ARG	NaN	11	82.240	-0.228	-43.238	34.766	input_file.pdb#17.A	1
A:18:_:TRP	A	18	TRP	NaN	12	71.300	-3.697	-43.648	36.294	input_file.pdb#18.A	1
A:19:_:ASP	A	19	ASP	NaN	9	92.740	-4.837	-40.514	34.487	input_file.pdb#19.A	1
A:20:_:LEU	A	20	LEU	NaN	8	84.570	-2.916	-41.195	31.280	input_file.pdb#20.A	1
A:21:_:ARG	A	21	ARG	NaN	8	95.020	-3.208	-44.968	30.824	input_file.pdb#21.A	1
A:22:_:GLY	A	22	GLY	NaN	7	76.680	-6.534	-45.435	32.621	input_file.pdb#22.A	1
A:23:_:GLU	A	23	GLU	NaN	8	86.080	-5.166	-48.620	34.198	input_file.pdb#23.A	1
A:24:_:ASN	A	24	ASN	NaN	7	97.800	-6.091	-49.823	37.693	input_file.pdb#24.A	1
A:25:_:PRO	A	25	PRO	NaN	11	83.100	-4.370	-47.823	40.502	input_file.pdb#25.A	1
A:26:_:GLY	A	26	GLY	NaN	6	82.000	-3.329	-50.945	42.419	input_file.pdb#26.A	1
A:27:_:GLU	A	27	GLU	NaN	8	99.090	-1.849	-52.634	39.356	input_file.pdb#27.A	1
A:28:_:LEU	A	28	LEU	NaN	12	82.350	0.043	-49.475	38.419	input_file.pdb#28.A	1
A:29:_:PHE	A	29	PHE	NaN	11	82.970	1.213	-49.272	42.026	input_file.pdb#29.A	1
A:30:_:LYS	A	30	LYS	NaN	8	89.860	2.603	-52.793	41.687	input_file.pdb#30.A	1
A:31:_:GLU	A	31	GLU	NaN	8	89.930	4.270	-51.782	38.415	input_file.pdb#31.A	1
A:32:_:VAL	A	32	VAL	NaN	11	79.060	5.916	-48.646	39.801	input_file.pdb#32.A	1
A:33:_:VAL	A	33	VAL	NaN	11	73.340	7.043	-50.374	43.003	input_file.pdb#33.A	1
A:34:_:GLU	A	34	GLU	NaN	8	94.790	8.527	-53.301	41.067	input_file.pdb#34.A	1
A:35:_:GLU	A	35	GLU	NaN	7	75.010	10.296	-51.163	38.468	input_file.pdb#35.A	1
A:36:_:LYS	A	36	LYS	NaN	6	80.810	11.682	-48.700	41.023	input_file.pdb#36.A	1
A:37:_:ASN	A	37	ASN	NaN	6	77.850	12.939	-51.637	43.099	input_file.pdb#37.A	1
A:38:_:ILE	A	38	ILE	NaN	9	69.120	11.239	-50.298	46.222	input_file.pdb#38.A	1
A:39:_:LYS	A	39	LYS	NaN	6	82.470	11.949	-52.344	49.347	input_file.pdb#39.A	1
A:40:_:ASN	A	40	ASN	NaN	6	70.900	11.908	-50.263	52.546	input_file.pdb#40.A	1
A:41:_:LYS	A	41	LYS	NaN	6	75.620	8.540	-50.575	54.292	input_file.pdb#41.A	1
A:42:_:ASP	A	42	ASP	NaN	7	67.290	7.928	-46.943	55.274	input_file.pdb#42.A	1
A:43:_:ALA	A	43	ALA	NaN	13	61.540	8.239	-45.697	51.696	input_file.pdb#43.A	1
A:44:_:TYR	A	44	TYR	NaN	12	66.970	6.000	-48.498	50.419	input_file.pdb#44.A	1
A:45:_:GLU	A	45	GLU	NaN	8	86.000	3.196	-47.962	52.927	input_file.pdb#45.A	1
A:46:_:TYR	A	46	TYR	NaN	11	79.660	3.413	-44.170	52.718	input_file.pdb#46.A	1
A:47:_:ALA	A	47	ALA	NaN	13	65.230	3.219	-44.311	48.926	input_file.pdb#47.A	1
A:48:_:LYS	A	48	LYS	NaN	10	72.940	0.242	-46.660	49.202	input_file.pdb#48.A	1
A:49:_:LYS	A	49	LYS	NaN	8	76.050	-1.505	-44.288	51.624	input_file.pdb#49.A	1
A:50:_:LEU	A	50	LEU	NaN	14	75.290	-0.800	-41.332	49.333	input_file.pdb#50.A	1
A:51:_:VAL	A	51	VAL	NaN	12	72.490	-2.190	-43.157	46.298	input_file.pdb#51.A	1
A:52:_:ASP	A	52	ASP	NaN	8	89.490	-5.251	-44.369	48.218	input_file.pdb#52.A	1
A:53:_:THR	A	53	THR	NaN	11	75.600	-5.921	-40.893	49.626	input_file.pdb#53.A	1
A:54:_:ALA	A	54	ALA	NaN	12	69.260	-5.567	-39.567	46.079	input_file.pdb#54.A	1
A:55:_:VAL	A	55	VAL	NaN	8	90.230	-7.925	-42.075	44.424	input_file.pdb#55.A	1
A:56:_:ARG	A	56	ARG	NaN	6	91.500	-10.571	-41.988	47.114	input_file.pdb#56.A	1
A:57:_:HIS	A	57	HIS	NaN	8	95.510	-11.499	-38.261	47.333	input_file.pdb#57.A	1
A:58:_:ILE	A	58	ILE	NaN	9	82.510	-10.325	-37.707	43.715	input_file.pdb#58.A	1
A:59:_:GLU	A	59	GLU	NaN	6	96.340	-13.418	-35.750	42.633	input_file.pdb#59.A	1
A:60:_:GLU	A	60	GLU	NaN	7	98.720	-13.407	-33.563	45.742	input_file.pdb#60.A	1
A:61:_:ILE	A	61	ILE	NaN	11	84.110	-9.771	-32.746	44.993	input_file.pdb#61.A	1
A:62:_:ASP	A	62	ASP	NaN	10	87.430	-10.544	-32.063	41.323	input_file.pdb#62.A	1
A:63:_:SER	A	63	SER	NaN	8	95.420	-13.232	-29.606	42.407	input_file.pdb#63.A	1
A:64:_:ILE	A	64	ILE	NaN	9	86.240	-10.863	-27.940	44.873	input_file.pdb#64.A	1
A:65:_:ILE	A	65	ILE	NaN	14	84.750	-8.161	-27.319	42.263	input_file.pdb#65.A	1
A:66:_:GLU	A	66	GLU	NaN	12	75.400	-10.767	-26.420	39.643	input_file.pdb#66.A	1
A:67:_:LYS	A	67	LYS	NaN	8	99.030	-11.942	-23.615	41.922	input_file.pdb#67.A	1
A:68:_:HIS	A	68	HIS	NaN	10	103.780	-8.555	-21.892	41.648	input_file.pdb#68.A	1
A:69:_:LEU	A	69	LEU	NaN	10	72.400	-8.210	-22.279	37.872	input_file.pdb#69.A	1
A:70:_:LYS	A	70	LYS	NaN	6	96.070	-10.509	-19.272	37.420	input_file.pdb#70.A	1
A:71:_:GLY	A	71	GLY	NaN	7	89.280	-13.256	-21.123	35.570	input_file.pdb#71.A	1
A:72:_:TRP	A	72	TRP	NaN	7	86.890	-10.805	-23.236	33.597	input_file.pdb#72.A	1
A:73:_:SER	A	73	SER	NaN	7	90.210	-11.636	-26.931	33.282	input_file.pdb#73.A	1
A:74:_:ILE	A	74	ILE	NaN	10	96.640	-8.923	-29.153	34.765	input_file.pdb#74.A	1
A:75:_:ASP	A	75	ASP	NaN	6	92.310	-8.356	-31.063	31.516	input_file.pdb#75.A	1
A:76:_:ARG	A	76	ARG	NaN	6	99.010	-6.859	-27.848	30.127	input_file.pdb#76.A	1
A:77:_:LEU	A	77	LEU	NaN	7	72.940	-3.703	-28.399	32.167	input_file.pdb#77.A	1
A:78:_:GLY	A	78	GLY	NaN	7	78.380	-0.810	-30.764	31.538	input_file.pdb#78.A	1
A:79:_:TYR	A	79	TYR	NaN	9	81.730	-0.775	-34.322	32.870	input_file.pdb#79.A	1
A:80:_:VAL	A	80	VAL	NaN	10	69.690	2.200	-33.581	35.119	input_file.pdb#80.A	1
A:81:_:GLU	A	81	GLU	NaN	13	63.570	0.754	-30.289	36.375	input_file.pdb#81.A	1
A:82:_:ARG	A	82	ARG	NaN	11	69.590	-2.712	-31.742	36.990	input_file.pdb#82.A	1
A:83:_:ASN	A	83	ASN	NaN	12	68.790	-1.684	-34.976	38.732	input_file.pdb#83.A	1
A:84:_:ALA	A	84	ALA	NaN	14	77.780	1.014	-33.270	40.808	input_file.pdb#84.A	1
A:85:_:LEU	A	85	LEU	NaN	11	70.380	-1.580	-30.728	41.927	input_file.pdb#85.A	1
A:86:_:ARG	A	86	ARG	NaN	13	68.900	-3.879	-33.623	42.840	input_file.pdb#86.A	1
A:87:_:LEU	A	87	LEU	NaN	14	66.230	-1.203	-35.304	44.957	input_file.pdb#87.A	1
A:88:_:GLY	A	88	GLY	NaN	12	71.130	-0.280	-31.967	46.516	input_file.pdb#88.A	1
A:89:_:VAL	A	89	VAL	NaN	13	81.920	-3.871	-31.204	47.497	input_file.pdb#89.A	1
A:90:_:ALA	A	90	ALA	NaN	13	73.690	-4.320	-34.740	48.835	input_file.pdb#90.A	1
A:91:_:GLU	A	91	GLU	NaN	12	73.380	-1.248	-34.562	51.076	input_file.pdb#91.A	1
A:92:_:LEU	A	92	LEU	NaN	12	73.130	-1.607	-30.932	52.185	input_file.pdb#92.A	1
A:93:_:ILE	A	93	ILE	NaN	10	84.740	-5.330	-31.009	52.918	input_file.pdb#93.A	1
A:94:_:PHE	A	94	PHE	NaN	8	77.650	-6.724	-34.525	53.254	input_file.pdb#94.A	1
A:95:_:LEU	A	95	LEU	NaN	8	70.030	-3.815	-35.968	55.234	input_file.pdb#95.A	1
A:96:_:LYS	A	96	LYS	NaN	7	83.010	-3.133	-32.582	56.871	input_file.pdb#96.A	1
A:97:_:SER	A	97	SER	NaN	9	92.790	0.650	-32.523	56.468	input_file.pdb#97.A	1
A:98:_:LYS	A	98	LYS	NaN	4	88.840	2.505	-31.025	59.435	input_file.pdb#98.A	1
A:99:_:GLU	A	99	GLU	NaN	6	91.290	5.269	-30.086	57.000	input_file.pdb#99.A	1
A:100:_:PRO	A	100	PRO	NaN	8	82.910	3.466	-27.991	54.354	input_file.pdb#100.A	1
A:101:_:GLY	A	101	GLY	NaN	6	84.610	6.529	-26.153	53.062	input_file.pdb#101.A	1
A:102:_:ARG	A	102	ARG	NaN	7	87.950	8.399	-29.430	52.699	input_file.pdb#102.A	1
A:103:_:VAL	A	103	VAL	NaN	12	61.500	5.546	-30.853	50.635	input_file.pdb#103.A	1
A:104:_:PHE	A	104	PHE	NaN	11	71.300	5.652	-27.710	48.496	input_file.pdb#104.A	1
A:105:_:ILE	A	105	ILE	NaN	8	73.990	9.396	-28.066	47.873	input_file.pdb#105.A	1
A:106:_:ASP	A	106	ASP	NaN	10	59.160	9.161	-31.760	46.959	input_file.pdb#106.A	1
A:107:_:ILE	A	107	ILE	NaN	11	65.870	6.084	-31.391	44.749	input_file.pdb#107.A	1
A:108:_:VAL	A	108	VAL	NaN	12	66.230	7.469	-28.399	42.855	input_file.pdb#108.A	1
A:109:_:ASP	A	109	ASP	NaN	9	70.140	10.717	-30.351	42.465	input_file.pdb#109.A	1
A:110:_:LEU	A	110	LEU	NaN	10	68.160	8.784	-33.240	40.910	input_file.pdb#110.A	1
A:111:_:VAL	A	111	VAL	NaN	16	59.160	6.995	-30.844	38.572	input_file.pdb#111.A	1
A:112:_:LYS	A	112	LYS	NaN	12	59.410	10.264	-29.259	37.405	input_file.pdb#112.A	1
A:113:_:LYS	A	113	LYS	NaN	7	65.400	11.787	-32.707	36.985	input_file.pdb#113.A	1
A:114:_:TYR	A	114	TYR	NaN	7	61.760	9.015	-34.371	34.977	input_file.pdb#114.A	1
A:115:_:ALA	A	115	ALA	NaN	9	70.330	7.992	-31.305	32.954	input_file.pdb#115.A	1
A:116:_:ASP	A	116	ASP	NaN	9	67.770	9.963	-28.033	33.182	input_file.pdb#116.A	1
A:117:_:GLU	A	117	GLU	NaN	8	89.030	10.619	-24.834	35.155	input_file.pdb#117.A	1
A:118:_:LYS	A	118	LYS	NaN	7	88.270	7.499	-22.912	34.093	input_file.pdb#118.A	1
A:119:_:ALA	A	119	ALA	NaN	11	71.960	5.252	-25.840	35.000	input_file.pdb#119.A	1
A:120:_:GLY	A	120	GLY	NaN	14	75.530	6.949	-25.766	38.391	input_file.pdb#120.A	1
A:121:_:LYS	A	121	LYS	NaN	9	76.830	6.185	-22.079	38.866	input_file.pdb#121.A	1
A:122:_:PHE	A	122	PHE	NaN	9	70.570	2.578	-22.634	37.757	input_file.pdb#122.A	1
A:123:_:VAL	A	123	VAL	NaN	13	71.790	2.006	-25.567	40.124	input_file.pdb#123.A	1
A:124:_:ASN	A	124	ASN	NaN	10	85.940	3.714	-23.586	42.877	input_file.pdb#124.A	1
A:125:_:GLY	A	125	GLY	NaN	8	90.510	1.415	-20.597	42.440	input_file.pdb#125.A	1
A:126:_:VAL	A	126	VAL	NaN	11	67.890	-1.777	-22.638	42.168	input_file.pdb#126.A	1
A:127:_:LEU	A	127	LEU	NaN	12	80.660	-0.993	-24.898	45.125	input_file.pdb#127.A	1
A:128:_:SER	A	128	SER	NaN	8	74.970	0.075	-21.896	47.203	input_file.pdb#128.A	1
A:129:_:ALA	A	129	ALA	NaN	9	89.640	-3.261	-20.207	46.503	input_file.pdb#129.A	1
A:130:_:ILE	A	130	ILE	NaN	12	93.560	-5.079	-23.431	47.419	input_file.pdb#130.A	1
A:131:_:TYR	A	131	TYR	NaN	10	97.580	-3.241	-23.767	50.731	input_file.pdb#131.A	1
A:132:_:LYS	A	132	LYS	NaN	8	103.530	-3.838	-20.091	51.491	input_file.pdb#132.A	1
A:133:_:ALA	A	133	ALA	NaN	8	93.330	-7.538	-20.778	50.971	input_file.pdb#133.A	1
A:134:_:TYR	A	134	TYR	NaN	8	106.040	-7.364	-23.891	53.151	input_file.pdb#134.A	1
A:135:_:ILE	A	135	ILE	NaN	7	120.720	-5.472	-22.593	56.182	input_file.pdb#135.A	1
A:136:_:THR	A	136	THR	NaN	6	122.030	-7.820	-19.697	56.790	input_file.pdb#136.A	1
A:137:_:SER	A	137	SER	NaN	5	158.750	-11.168	-21.065	57.865	input_file.pdb#137.A	1
A:138:_:SER	A	138	SER	NaN	3	144.890	-10.328	-19.599	61.253	input_file.pdb#138.A	1
A:201:_:GOL	A	201	GOL	NaN	0	101.720	15.352	-37.354	14.106	input_file.pdb#201.A	1
B:3:_:TYR	B	3	TYR	NaN	6	95.900	14.766	-40.995	13.188	input_file.pdb#3.B	1
B:4:_:ARG	B	4	ARG	NaN	8	84.880	16.381	-42.474	16.318	input_file.pdb#4.B	1
B:5:_:LYS	B	5	LYS	NaN	7	110.850	13.858	-41.084	18.797	input_file.pdb#5.B	1
B:6:_:GLY	B	6	GLY	NaN	9	86.630	11.089	-42.180	16.454	input_file.pdb#6.B	1
B:7:_:ALA	B	7	ALA	NaN	12	80.170	12.498	-45.710	16.526	input_file.pdb#7.B	1
B:8:_:ARG	B	8	ARG	NaN	13	66.820	12.680	-45.687	20.328	input_file.pdb#8.B	1
B:9:_:ASP	B	9	ASP	NaN	9	80.900	9.088	-44.473	20.420	input_file.pdb#9.B	1
B:10:_:THR	B	10	THR	NaN	11	69.060	7.874	-47.133	17.988	input_file.pdb#10.B	1
B:11:_:ALA	B	11	ALA	NaN	14	61.440	9.757	-49.797	19.931	input_file.pdb#11.B	1
B:12:_:PHE	B	12	PHE	NaN	11	61.400	8.128	-48.811	23.230	input_file.pdb#12.B	1
B:13:_:LEU	B	13	LEU	NaN	9	77.500	4.703	-48.709	21.571	input_file.pdb#13.B	1
B:14:_:VAL	B	14	VAL	NaN	13	73.220	5.089	-52.151	19.974	input_file.pdb#14.B	1
B:15:_:LEU	B	15	LEU	NaN	12	68.210	6.399	-53.484	23.284	input_file.pdb#15.B	1
B:16:_:TYR	B	16	TYR	NaN	11	82.120	3.383	-52.218	25.220	input_file.pdb#16.B	1
B:17:_:ARG	B	17	ARG	NaN	10	90.420	1.109	-53.605	22.502	input_file.pdb#17.B	1
B:18:_:TRP	B	18	TRP	NaN	12	79.120	2.633	-57.082	22.677	input_file.pdb#18.B	1
B:19:_:ASP	B	19	ASP	NaN	9	96.370	2.551	-56.871	26.472	input_file.pdb#19.B	1
B:20:_:LEU	B	20	LEU	NaN	7	109.760	-0.815	-55.361	27.418	input_file.pdb#20.B	1
B:21:_:ARG	B	21	ARG	NaN	6	98.560	-2.735	-56.216	24.248	input_file.pdb#21.B	1
B:22:_:GLY	B	22	GLY	NaN	7	97.450	-4.689	-52.974	23.992	input_file.pdb#22.B	1
B:23:_:GLU	B	23	GLU	NaN	7	75.970	-5.235	-50.688	21.003	input_file.pdb#23.B	1
B:24:_:ASN	B	24	ASN	NaN	7	98.210	-1.935	-49.532	19.394	input_file.pdb#24.B	1
B:25:_:PRO	B	25	PRO	NaN	10	88.400	-3.241	-45.995	18.805	input_file.pdb#25.B	1
B:26:_:GLY	B	26	GLY	NaN	6	101.390	-4.031	-45.236	22.440	input_file.pdb#26.B	1
B:27:_:GLU	B	27	GLU	NaN	8	94.670	-0.713	-46.789	23.463	input_file.pdb#27.B	1
B:28:_:LEU	B	28	LEU	NaN	13	91.740	0.989	-44.545	20.915	input_file.pdb#28.B	1
B:29:_:PHE	B	29	PHE	NaN	11	88.300	-0.717	-41.533	22.484	input_file.pdb#29.B	1
B:30:_:LYS	B	30	LYS	NaN	8	85.950	0.474	-42.658	25.919	input_file.pdb#30.B	1
B:31:_:GLU	B	31	GLU	NaN	10	63.350	4.104	-43.170	24.877	input_file.pdb#31.B	1
B:32:_:VAL	B	32	VAL	NaN	11	83.190	4.122	-39.848	23.012	input_file.pdb#32.B	1
B:33:_:VAL	B	33	VAL	NaN	11	84.940	2.739	-38.106	26.096	input_file.pdb#33.B	1
B:34:_:GLU	B	34	GLU	NaN	8	80.870	5.301	-39.703	28.416	input_file.pdb#34.B	1
B:35:_:GLU	B	35	GLU	NaN	6	87.120	8.466	-38.946	26.427	input_file.pdb#35.B	1
B:36:_:LYS	B	36	LYS	NaN	6	99.830	7.243	-35.442	25.539	input_file.pdb#36.B	1
B:37:_:ASN	B	37	ASN	NaN	6	104.060	7.684	-35.521	21.769	input_file.pdb#37.B	1
B:38:_:ILE	B	38	ILE	NaN	9	112.360	8.152	-31.978	20.487	input_file.pdb#38.B	1
B:39:_:LYS	B	39	LYS	NaN	5	103.910	9.430	-32.277	16.916	input_file.pdb#39.B	1
B:40:_:ASN	B	40	ASN	NaN	6	109.290	6.806	-32.989	14.251	input_file.pdb#40.B	1
B:41:_:LYS	B	41	LYS	NaN	7	119.800	8.944	-35.247	12.055	input_file.pdb#41.B	1
B:42:_:ASP	B	42	ASP	NaN	7	97.190	9.708	-37.587	14.962	input_file.pdb#42.B	1
B:43:_:ALA	B	43	ALA	NaN	12	90.010	5.988	-37.933	15.693	input_file.pdb#43.B	1
B:44:_:TYR	B	44	TYR	NaN	12	97.650	4.996	-38.521	12.062	input_file.pdb#44.B	1
B:45:_:GLU	B	45	GLU	NaN	8	101.040	7.863	-40.968	11.530	input_file.pdb#45.B	1
B:46:_:TYR	B	46	TYR	NaN	10	81.910	7.302	-43.050	14.684	input_file.pdb#46.B	1
B:47:_:ALA	B	47	ALA	NaN	14	89.080	3.594	-43.169	13.825	input_file.pdb#47.B	1
B:48:_:LYS	B	48	LYS	NaN	10	87.890	4.366	-44.464	10.330	input_file.pdb#48.B	1
B:49:_:LYS	B	49	LYS	NaN	8	77.600	6.675	-47.090	11.849	input_file.pdb#49.B	1
B:50:_:LEU	B	50	LEU	NaN	13	76.180	4.048	-48.322	14.306	input_file.pdb#50.B	1
B:51:_:VAL	B	51	VAL	NaN	13	82.560	1.333	-48.389	11.630	input_file.pdb#51.B	1
B:52:_:ASP	B	52	ASP	NaN	8	76.670	3.552	-50.244	9.153	input_file.pdb#52.B	1
B:53:_:THR	B	53	THR	NaN	12	77.190	4.477	-52.767	11.840	input_file.pdb#53.B	1
B:54:_:ALA	B	54	ALA	NaN	13	80.250	0.878	-53.342	12.938	input_file.pdb#54.B	1
B:55:_:VAL	B	55	VAL	NaN	7	92.070	-0.521	-53.788	9.423	input_file.pdb#55.B	1
B:56:_:ARG	B	56	ARG	NaN	6	90.550	2.088	-56.336	8.302	input_file.pdb#56.B	1
B:57:_:HIS	B	57	HIS	NaN	9	84.420	2.514	-57.943	11.742	input_file.pdb#57.B	1
B:58:_:ILE	B	58	ILE	NaN	9	98.990	1.789	-61.587	10.831	input_file.pdb#58.B	1
B:59:_:GLU	B	59	GLU	NaN	6	87.190	3.949	-61.548	7.707	input_file.pdb#59.B	1
B:60:_:GLU	B	60	GLU	NaN	7	75.810	6.693	-59.912	9.769	input_file.pdb#60.B	1
B:61:_:ILE	B	61	ILE	NaN	12	68.620	6.370	-62.636	12.407	input_file.pdb#61.B	1
B:62:_:ASP	B	62	ASP	NaN	10	77.630	6.686	-65.268	9.690	input_file.pdb#62.B	1
B:63:_:SER	B	63	SER	NaN	8	80.750	9.784	-63.660	8.176	input_file.pdb#63.B	1
B:64:_:ILE	B	64	ILE	NaN	9	75.520	11.390	-63.405	11.611	input_file.pdb#64.B	1
B:65:_:ILE	B	65	ILE	NaN	14	73.060	10.427	-66.931	12.657	input_file.pdb#65.B	1
B:66:_:GLU	B	66	GLU	NaN	12	73.170	11.984	-68.379	9.504	input_file.pdb#66.B	1
B:67:_:LYS	B	67	LYS	NaN	8	69.200	15.421	-67.114	10.593	input_file.pdb#67.B	1
B:68:_:HIS	B	68	HIS	NaN	10	67.650	14.994	-68.015	14.281	input_file.pdb#68.B	1
B:69:_:LEU	B	69	LEU	NaN	10	76.440	16.668	-71.365	13.515	input_file.pdb#69.B	1
B:70:_:LYS	B	70	LYS	NaN	6	83.190	13.640	-73.423	14.543	input_file.pdb#70.B	1
B:71:_:GLY	B	71	GLY	NaN	7	77.590	12.391	-71.430	17.524	input_file.pdb#71.B	1
B:72:_:TRP	B	72	TRP	NaN	7	77.170	8.802	-70.322	18.037	input_file.pdb#72.B	1
B:73:_:SER	B	73	SER	NaN	8	80.180	8.534	-66.532	17.851	input_file.pdb#73.B	1
B:74:_:ILE	B	74	ILE	NaN	10	77.850	6.271	-66.563	20.919	input_file.pdb#74.B	1
B:75:_:ASP	B	75	ASP	NaN	4	80.460	9.204	-67.887	22.951	input_file.pdb#75.B	1
B:76:_:ARG	B	76	ARG	NaN	6	76.420	11.436	-64.869	22.318	input_file.pdb#76.B	1
B:77:_:LEU	B	77	LEU	NaN	8	68.200	11.821	-62.151	24.926	input_file.pdb#77.B	1
B:78:_:GLY	B	78	GLY	NaN	6	72.900	9.491	-59.194	24.381	input_file.pdb#78.B	1
B:79:_:TYR	B	79	TYR	NaN	9	81.730	12.493	-56.938	23.762	input_file.pdb#79.B	1
B:80:_:VAL	B	80	VAL	NaN	10	58.460	14.160	-59.136	21.141	input_file.pdb#80.B	1
B:81:_:GLU	B	81	GLU	NaN	11	76.170	10.876	-60.073	19.466	input_file.pdb#81.B	1
B:82:_:ARG	B	82	ARG	NaN	10	72.710	9.502	-56.527	19.191	input_file.pdb#82.B	1
B:83:_:ASN	B	83	ASN	NaN	12	61.810	12.836	-54.995	18.202	input_file.pdb#83.B	1
B:84:_:ALA	B	84	ALA	NaN	13	60.640	13.060	-57.601	15.448	input_file.pdb#84.B	1
B:85:_:LEU	B	85	LEU	NaN	12	69.660	9.493	-56.721	14.469	input_file.pdb#85.B	1
B:86:_:ARG	B	86	ARG	NaN	13	75.230	10.319	-53.022	14.150	input_file.pdb#86.B	1
B:87:_:LEU	B	87	LEU	NaN	16	78.740	13.585	-53.752	12.345	input_file.pdb#87.B	1
B:88:_:GLY	B	88	GLY	NaN	12	75.380	11.936	-55.991	9.768	input_file.pdb#88.B	1
B:89:_:VAL	B	89	VAL	NaN	13	71.350	9.109	-53.470	9.372	input_file.pdb#89.B	1
B:90:_:ALA	B	90	ALA	NaN	14	70.870	11.369	-50.535	8.508	input_file.pdb#90.B	1
B:91:_:GLU	B	91	GLU	NaN	14	80.020	14.026	-52.484	6.587	input_file.pdb#91.B	1
B:92:_:LEU	B	92	LEU	NaN	12	83.880	11.618	-54.476	4.435	input_file.pdb#92.B	1
B:93:_:ILE	B	93	ILE	NaN	10	70.160	8.154	-52.923	4.304	input_file.pdb#93.B	1
B:94:_:PHE	B	94	PHE	NaN	8	67.400	9.319	-49.300	4.416	input_file.pdb#94.B	1
B:95:_:LEU	B	95	LEU	NaN	8	80.210	12.326	-50.223	2.250	input_file.pdb#95.B	1
B:96:_:LYS	B	96	LYS	NaN	7	91.200	14.733	-48.038	4.252	input_file.pdb#96.B	1
B:97:_:SER	B	97	SER	NaN	9	97.000	17.536	-46.523	2.179	input_file.pdb#97.B	1
B:98:_:LYS	B	98	LYS	NaN	4	94.550	19.711	-46.441	5.297	input_file.pdb#98.B	1
B:99:_:GLU	B	99	GLU	NaN	6	84.110	19.819	-50.095	6.417	input_file.pdb#99.B	1
B:100:_:PRO	B	100	PRO	NaN	8	106.920	23.089	-49.848	8.346	input_file.pdb#100.B	1
B:101:_:GLY	B	101	GLY	NaN	6	123.400	21.692	-47.036	10.483	input_file.pdb#101.B	1
B:102:_:ARG	B	102	ARG	NaN	7	85.360	18.532	-49.052	11.128	input_file.pdb#102.B	1
B:103:_:VAL	B	103	VAL	NaN	12	92.310	20.702	-51.952	12.315	input_file.pdb#103.B	1
B:104:_:PHE	B	104	PHE	NaN	11	99.490	22.570	-49.503	14.545	input_file.pdb#104.B	1
B:105:_:ILE	B	105	ILE	NaN	8	95.250	19.494	-47.961	16.184	input_file.pdb#105.B	1
B:106:_:ASP	B	106	ASP	NaN	10	81.110	17.721	-51.307	16.615	input_file.pdb#106.B	1
B:107:_:ILE	B	107	ILE	NaN	13	88.100	20.688	-53.155	18.127	input_file.pdb#107.B	1
B:108:_:VAL	B	108	VAL	NaN	12	99.960	21.331	-50.174	20.415	input_file.pdb#108.B	1
B:109:_:ASP	B	109	ASP	NaN	9	82.150	17.702	-50.323	21.551	input_file.pdb#109.B	1
B:110:_:LEU	B	110	LEU	NaN	10	82.580	18.191	-54.017	22.306	input_file.pdb#110.B	1
B:111:_:VAL	B	111	VAL	NaN	16	102.250	21.313	-53.235	24.330	input_file.pdb#111.B	1
B:112:_:LYS	B	112	LYS	NaN	12	82.060	19.431	-50.550	26.271	input_file.pdb#112.B	1
B:113:_:LYS	B	113	LYS	NaN	7	92.030	16.419	-52.562	27.450	input_file.pdb#113.B	1
B:114:_:TYR	B	114	TYR	NaN	7	102.730	18.305	-55.852	27.654	input_file.pdb#114.B	1
B:115:_:ALA	B	115	ALA	NaN	9	113.780	21.865	-57.184	27.786	input_file.pdb#115.B	1
B:116:_:ASP	B	116	ASP	NaN	9	108.260	24.270	-56.957	24.837	input_file.pdb#116.B	1
B:117:_:GLU	B	117	GLU	NaN	8	113.480	23.989	-60.752	24.765	input_file.pdb#117.B	1
B:118:_:LYS	B	118	LYS	NaN	7	94.690	20.559	-60.232	23.207	input_file.pdb#118.B	1
B:119:_:ALA	B	119	ALA	NaN	11	86.940	22.029	-57.424	21.110	input_file.pdb#119.B	1
B:120:_:GLY	B	120	GLY	NaN	13	98.930	24.395	-59.599	19.085	input_file.pdb#120.B	1
B:121:_:LYS	B	121	LYS	NaN	9	77.670	21.587	-62.145	18.692	input_file.pdb#121.B	1
B:122:_:PHE	B	122	PHE	NaN	8	57.950	19.124	-59.610	17.277	input_file.pdb#122.B	1
B:123:_:VAL	B	123	VAL	NaN	13	69.990	21.941	-58.288	15.088	input_file.pdb#123.B	1
B:124:_:ASN	B	124	ASN	NaN	10	84.270	22.519	-61.784	13.727	input_file.pdb#124.B	1
B:125:_:GLY	B	125	GLY	NaN	8	61.690	18.865	-62.570	13.065	input_file.pdb#125.B	1
B:126:_:VAL	B	126	VAL	NaN	11	76.830	18.397	-59.163	11.438	input_file.pdb#126.B	1
B:127:_:LEU	B	127	LEU	NaN	12	72.220	21.480	-59.707	9.277	input_file.pdb#127.B	1
B:128:_:SER	B	128	SER	NaN	8	67.620	20.174	-63.087	8.116	input_file.pdb#128.B	1
B:129:_:ALA	B	129	ALA	NaN	9	74.370	16.716	-61.681	7.378	input_file.pdb#129.B	1
B:130:_:ILE	B	130	ILE	NaN	12	67.830	18.131	-58.769	5.386	input_file.pdb#130.B	1
B:131:_:TYR	B	131	TYR	NaN	10	76.030	20.571	-60.967	3.461	input_file.pdb#131.B	1
B:132:_:LYS	B	132	LYS	NaN	8	70.380	17.593	-63.139	2.541	input_file.pdb#132.B	1
B:133:_:ALA	B	133	ALA	NaN	8	83.680	15.566	-60.071	1.565	input_file.pdb#133.B	1
B:134:_:TYR	B	134	TYR	NaN	9	62.810	18.284	-58.882	-0.821	input_file.pdb#134.B	1
B:135:_:ILE	B	135	ILE	NaN	7	87.860	18.077	-62.075	-2.887	input_file.pdb#135.B	1
B:136:_:THR	B	136	THR	NaN	6	103.040	14.285	-62.324	-2.563	input_file.pdb#136.B	1
B:137:_:SER	B	137	SER	NaN	5	113.190	13.336	-60.241	-5.606	input_file.pdb#137.B	1
B:138:_:SER	B	138	SER	NaN	4	106.810	51.788	-23.424	-13.988	input_file.pdb#138.B	1
B:201:_:SO4	B	201	SO4	NaN	0	110.030	49.943	-22.911	-17.291	input_file.pdb#201.B	1
B:202:_:GOL	B	202	GOL	NaN	0	78.870	52.189	-20.316	-18.999	input_file.pdb#202.B	1
B:203:_:GOL	B	203	GOL	NaN	0	73.690	54.734	-23.045	-19.744	input_file.pdb#203.B	1
C:1:_:MET	C	1	MET	NaN	3	68.170	53.081	-24.301	-22.951	input_file.pdb#1.C	1
C:2:_:ARG	C	2	ARG	NaN	4	63.640	52.883	-20.833	-24.479	input_file.pdb#2.C	1
C:3:_:TYR	C	3	TYR	NaN	9	68.070	56.465	-20.143	-23.453	input_file.pdb#3.C	1
C:4:_:ARG	C	4	ARG	NaN	9	61.880	57.545	-23.359	-25.186	input_file.pdb#4.C	1
C:5:_:LYS	C	5	LYS	NaN	8	66.020	55.653	-22.433	-28.349	input_file.pdb#5.C	1
C:6:_:GLY	C	6	GLY	NaN	9	64.480	57.263	-18.986	-28.442	input_file.pdb#6.C	1
C:7:_:ALA	C	7	ALA	NaN	13	62.000	60.710	-20.463	-27.813	input_file.pdb#7.C	1
C:8:_:ARG	C	8	ARG	NaN	13	52.530	60.186	-22.996	-30.581	input_file.pdb#8.C	1
C:9:_:ASP	C	9	ASP	NaN	9	60.550	59.232	-20.279	-33.069	input_file.pdb#9.C	1
C:10:_:THR	C	10	THR	NaN	12	67.500	62.295	-18.258	-32.077	input_file.pdb#10.C	1
C:11:_:ALA	C	11	ALA	NaN	13	72.550	64.642	-21.231	-32.516	input_file.pdb#11.C	1
C:12:_:PHE	C	12	PHE	NaN	11	71.310	63.031	-22.349	-35.786	input_file.pdb#12.C	1
C:13:_:LEU	C	13	LEU	NaN	9	81.470	63.448	-18.895	-37.297	input_file.pdb#13.C	1
C:14:_:VAL	C	14	VAL	NaN	13	72.010	66.916	-18.488	-35.766	input_file.pdb#14.C	1
C:15:_:LEU	C	15	LEU	NaN	13	92.900	68.053	-21.625	-37.571	input_file.pdb#15.C	1
C:16:_:TYR	C	16	TYR	NaN	12	84.510	66.135	-20.944	-40.780	input_file.pdb#16.C	1
C:17:_:ARG	C	17	ARG	NaN	11	93.930	66.433	-17.171	-41.237	input_file.pdb#17.C	1
C:18:_:TRP	C	18	TRP	NaN	12	74.470	69.758	-16.707	-39.438	input_file.pdb#18.C	1
C:19:_:ASP	C	19	ASP	NaN	9	86.120	68.392	-13.520	-37.864	input_file.pdb#19.C	1
C:20:_:LEU	C	20	LEU	NaN	8	96.690	69.316	-12.317	-34.368	input_file.pdb#20.C	1
C:21:_:ARG	C	21	ARG	NaN	7	82.820	67.593	-14.315	-31.561	input_file.pdb#21.C	1
C:22:_:GLY	C	22	GLY	NaN	7	80.280	66.555	-11.190	-29.644	input_file.pdb#22.C	1
C:23:_:GLU	C	23	GLU	NaN	8	98.560	65.079	-9.499	-32.710	input_file.pdb#23.C	1
C:24:_:ASN	C	24	ASN	NaN	7	84.560	63.181	-12.658	-33.646	input_file.pdb#24.C	1
C:25:_:PRO	C	25	PRO	NaN	11	82.500	62.010	-12.858	-30.039	input_file.pdb#25.C	1
C:26:_:GLY	C	26	GLY	NaN	6	91.810	60.625	-9.333	-30.381	input_file.pdb#26.C	1
C:27:_:GLU	C	27	GLU	NaN	8	89.860	58.959	-10.345	-33.652	input_file.pdb#27.C	1
C:28:_:LEU	C	28	LEU	NaN	12	80.220	57.309	-13.477	-32.264	input_file.pdb#28.C	1
C:29:_:PHE	C	29	PHE	NaN	11	72.610	56.185	-11.746	-29.066	input_file.pdb#29.C	1
C:30:_:LYS	C	30	LYS	NaN	8	94.470	54.702	-8.819	-31.002	input_file.pdb#30.C	1
C:31:_:GLU	C	31	GLU	NaN	8	76.020	52.931	-10.956	-33.600	input_file.pdb#31.C	1
C:32:_:VAL	C	32	VAL	NaN	11	80.160	51.541	-13.416	-31.048	input_file.pdb#32.C	1
C:33:_:VAL	C	33	VAL	NaN	11	78.380	50.287	-10.475	-28.972	input_file.pdb#33.C	1
C:34:_:GLU	C	34	GLU	NaN	8	70.150	51.985	-11.817	-25.847	input_file.pdb#34.C	1
C:35:_:GLU	C	35	GLU	NaN	7	84.340	51.277	-9.766	-22.723	input_file.pdb#35.C	1
C:36:_:LYS	C	36	LYS	NaN	6	70.130	51.312	-11.846	-19.521	input_file.pdb#36.C	1
C:37:_:ASN	C	37	ASN	NaN	6	75.140	54.680	-11.540	-17.779	input_file.pdb#37.C	1
C:38:_:ILE	C	38	ILE	NaN	9	68.060	55.287	-15.172	-16.791	input_file.pdb#38.C	1
C:39:_:LYS	C	39	LYS	NaN	6	64.170	54.976	-16.419	-20.371	input_file.pdb#39.C	1
C:40:_:ASN	C	40	ASN	NaN	6	66.020	57.220	-13.619	-21.654	input_file.pdb#40.C	1
C:41:_:LYS	C	41	LYS	NaN	6	84.080	60.023	-14.160	-19.136	input_file.pdb#41.C	1
C:42:_:ASP	C	42	ASP	NaN	7	81.240	59.800	-17.951	-19.346	input_file.pdb#42.C	1
C:43:_:ALA	C	43	ALA	NaN	13	66.440	59.994	-17.811	-23.139	input_file.pdb#43.C	1
C:44:_:TYR	C	44	TYR	NaN	12	74.440	62.973	-15.467	-22.860	input_file.pdb#44.C	1
C:45:_:GLU	C	45	GLU	NaN	8	77.610	64.717	-17.840	-20.437	input_file.pdb#45.C	1
C:46:_:TYR	C	46	TYR	NaN	11	74.390	64.011	-20.798	-22.728	input_file.pdb#46.C	1
C:47:_:ALA	C	47	ALA	NaN	13	73.730	65.404	-18.975	-25.763	input_file.pdb#47.C	1
C:48:_:LYS	C	48	LYS	NaN	10	89.010	68.466	-17.765	-23.841	input_file.pdb#48.C	1
C:49:_:LYS	C	49	LYS	NaN	8	77.220	69.131	-21.242	-22.431	input_file.pdb#49.C	1
C:50:_:LEU	C	50	LEU	NaN	14	71.740	68.777	-22.569	-25.978	input_file.pdb#50.C	1
C:51:_:VAL	C	51	VAL	NaN	12	87.120	71.139	-20.065	-27.634	input_file.pdb#51.C	1
C:52:_:ASP	C	52	ASP	NaN	8	91.500	73.784	-20.154	-24.942	input_file.pdb#52.C	1
C:53:_:THR	C	53	THR	NaN	11	97.200	74.706	-23.881	-24.722	input_file.pdb#53.C	1
C:54:_:ALA	C	54	ALA	NaN	12	81.760	73.534	-24.434	-28.339	input_file.pdb#54.C	1
C:55:_:VAL	C	55	VAL	NaN	8	95.520	76.626	-26.397	-29.417	input_file.pdb#55.C	1
C:56:_:ARG	C	56	ARG	NaN	6	99.570	76.610	-28.583	-26.310	input_file.pdb#56.C	1
C:57:_:HIS	C	57	HIS	NaN	8	84.950	72.974	-29.396	-27.060	input_file.pdb#57.C	1
C:58:_:ILE	C	58	ILE	NaN	9	86.110	73.747	-30.080	-30.728	input_file.pdb#58.C	1
C:59:_:GLU	C	59	GLU	NaN	6	93.980	76.431	-32.542	-29.642	input_file.pdb#59.C	1
C:60:_:GLU	C	60	GLU	NaN	7	85.980	74.058	-34.204	-27.177	input_file.pdb#60.C	1
C:61:_:ILE	C	61	ILE	NaN	11	84.780	71.358	-34.822	-29.788	input_file.pdb#61.C	1
C:62:_:ASP	C	62	ASP	NaN	10	75.990	73.962	-35.726	-32.405	input_file.pdb#62.C	1
C:63:_:SER	C	63	SER	NaN	8	99.430	75.133	-38.530	-30.126	input_file.pdb#63.C	1
C:64:_:ILE	C	64	ILE	NaN	9	101.320	71.745	-40.250	-30.400	input_file.pdb#64.C	1
C:65:_:ILE	C	65	ILE	NaN	14	73.730	71.404	-39.863	-34.177	input_file.pdb#65.C	1
C:66:_:GLU	C	66	GLU	NaN	12	95.320	73.698	-42.874	-34.627	input_file.pdb#66.C	1
C:67:_:LYS	C	67	LYS	NaN	8	86.230	76.448	-41.028	-36.477	input_file.pdb#67.C	1
C:68:_:HIS	C	68	HIS	NaN	10	86.860	74.000	-38.912	-38.452	input_file.pdb#68.C	1
C:69:_:LEU	C	69	LEU	NaN	10	88.950	74.835	-35.217	-38.767	input_file.pdb#69.C	1
C:70:_:LYS	C	70	LYS	NaN	6	96.180	72.126	-32.991	-37.286	input_file.pdb#70.C	1
C:71:_:GLY	C	71	GLY	NaN	7	93.290	71.562	-31.083	-40.536	input_file.pdb#71.C	1
C:72:_:TRP	C	72	TRP	NaN	7	99.860	70.062	-34.298	-41.923	input_file.pdb#72.C	1
C:73:_:SER	C	73	SER	NaN	7	74.250	66.904	-33.741	-39.887	input_file.pdb#73.C	1
C:74:_:ILE	C	74	ILE	NaN	10	78.310	64.013	-31.375	-40.516	input_file.pdb#74.C	1
C:75:_:ASP	C	75	ASP	NaN	6	83.120	63.984	-27.814	-39.188	input_file.pdb#75.C	1
C:76:_:ARG	C	76	ARG	NaN	6	70.870	61.006	-28.549	-36.941	input_file.pdb#76.C	1
C:77:_:LEU	C	77	LEU	NaN	7	67.350	62.449	-31.841	-35.682	input_file.pdb#77.C	1
C:78:_:GLY	C	78	GLY	NaN	7	68.600	65.917	-30.393	-35.066	input_file.pdb#78.C	1
C:79:_:TYR	C	79	TYR	NaN	9	66.880	64.892	-27.158	-33.324	input_file.pdb#79.C	1
C:80:_:VAL	C	80	VAL	NaN	10	76.600	62.190	-28.859	-31.249	input_file.pdb#80.C	1
C:81:_:GLU	C	81	GLU	NaN	13	71.400	64.782	-31.405	-30.128	input_file.pdb#81.C	1
C:82:_:ARG	C	82	ARG	NaN	11	70.390	67.085	-28.512	-29.215	input_file.pdb#82.C	1
C:83:_:ASN	C	83	ASN	NaN	12	65.010	64.408	-26.826	-27.101	input_file.pdb#83.C	1
C:84:_:ALA	C	84	ALA	NaN	14	69.090	63.479	-30.162	-25.540	input_file.pdb#84.C	1
C:85:_:LEU	C	85	LEU	NaN	11	83.220	67.069	-30.929	-24.557	input_file.pdb#85.C	1
C:86:_:ARG	C	86	ARG	NaN	13	73.050	67.525	-27.393	-23.223	input_file.pdb#86.C	1
C:87:_:LEU	C	87	LEU	NaN	14	74.810	64.449	-27.566	-20.980	input_file.pdb#87.C	1
C:88:_:GLY	C	88	GLY	NaN	12	72.930	64.804	-31.196	-19.871	input_file.pdb#88.C	1
C:89:_:VAL	C	89	VAL	NaN	13	85.160	68.525	-31.123	-19.137	input_file.pdb#89.C	1
C:90:_:ALA	C	90	ALA	NaN	13	77.020	69.924	-27.608	-18.801	input_file.pdb#90.C	1
C:91:_:GLU	C	91	GLU	NaN	12	69.250	67.018	-26.160	-16.822	input_file.pdb#91.C	1
C:92:_:LEU	C	92	LEU	NaN	12	85.210	66.329	-29.546	-15.185	input_file.pdb#92.C	1
C:93:_:ILE	C	93	ILE	NaN	10	92.970	62.546	-29.601	-15.590	input_file.pdb#93.C	1
C:94:_:PHE	C	94	PHE	NaN	8	89.890	60.688	-31.095	-12.622	input_file.pdb#94.C	1
C:95:_:LEU	C	95	LEU	NaN	8	89.570	57.924	-32.033	-15.058	input_file.pdb#95.C	1
C:96:_:LYS	C	96	LYS	NaN	7	82.820	59.725	-34.131	-17.703	input_file.pdb#96.C	1
C:97:_:SER	C	97	SER	NaN	9	81.900	56.660	-35.964	-18.994	input_file.pdb#97.C	1
C:98:_:LYS	C	98	LYS	NaN	4	89.940	54.796	-32.684	-19.361	input_file.pdb#98.C	1
C:99:_:GLU	C	99	GLU	NaN	6	61.620	57.652	-31.266	-21.424	input_file.pdb#99.C	1
C:100:_:PRO	C	100	PRO	NaN	8	70.800	57.541	-34.411	-23.561	input_file.pdb#100.C	1
C:101:_:GLY	C	101	GLY	NaN	6	71.350	53.801	-34.048	-24.184	input_file.pdb#101.C	1
C:102:_:ARG	C	102	ARG	NaN	7	60.080	54.040	-30.357	-25.101	input_file.pdb#102.C	1
C:103:_:VAL	C	103	VAL	NaN	12	65.780	57.117	-30.730	-27.311	input_file.pdb#103.C	1
C:104:_:PHE	C	104	PHE	NaN	11	65.860	55.730	-33.721	-29.205	input_file.pdb#104.C	1
C:105:_:ILE	C	105	ILE	NaN	8	69.600	52.483	-31.765	-29.595	input_file.pdb#105.C	1
C:106:_:ASP	C	106	ASP	NaN	10	68.930	54.420	-28.883	-31.149	input_file.pdb#106.C	1
C:107:_:ILE	C	107	ILE	NaN	11	57.450	56.207	-31.281	-33.488	input_file.pdb#107.C	1
C:108:_:VAL	C	108	VAL	NaN	12	58.860	52.936	-32.861	-34.655	input_file.pdb#108.C	1
C:109:_:ASP	C	109	ASP	NaN	9	65.720	51.418	-29.410	-35.077	input_file.pdb#109.C	1
C:110:_:LEU	C	110	LEU	NaN	10	59.640	54.192	-27.751	-37.086	input_file.pdb#110.C	1
C:111:_:VAL	C	111	VAL	NaN	16	70.110	55.214	-30.819	-39.106	input_file.pdb#111.C	1
C:112:_:LYS	C	112	LYS	NaN	12	68.370	53.239	-34.088	-38.878	input_file.pdb#112.C	1
C:113:_:LYS	C	113	LYS	NaN	7	88.770	52.577	-37.286	-36.904	input_file.pdb#113.C	1
C:114:_:TYR	C	114	TYR	NaN	7	90.650	55.695	-39.211	-37.965	input_file.pdb#114.C	1
C:115:_:ALA	C	115	ALA	NaN	9	70.650	57.945	-36.287	-37.056	input_file.pdb#115.C	1
C:116:_:ASP	C	116	ASP	NaN	9	75.740	56.247	-36.358	-33.665	input_file.pdb#116.C	1
C:117:_:GLU	C	117	GLU	NaN	8	76.070	57.008	-40.044	-33.191	input_file.pdb#117.C	1
C:118:_:LYS	C	118	LYS	NaN	7	68.940	60.616	-39.497	-34.298	input_file.pdb#118.C	1
C:119:_:ALA	C	119	ALA	NaN	11	71.740	61.188	-36.562	-31.931	input_file.pdb#119.C	1
C:120:_:GLY	C	120	GLY	NaN	14	85.100	59.478	-38.539	-29.177	input_file.pdb#120.C	1
C:121:_:LYS	C	121	LYS	NaN	9	88.880	61.773	-41.534	-29.614	input_file.pdb#121.C	1
C:122:_:PHE	C	122	PHE	NaN	9	68.310	64.968	-39.495	-29.884	input_file.pdb#122.C	1
C:123:_:VAL	C	123	VAL	NaN	13	83.150	64.185	-37.229	-26.928	input_file.pdb#123.C	1
C:124:_:ASN	C	124	ASN	NaN	10	75.700	63.111	-40.232	-24.848	input_file.pdb#124.C	1
C:125:_:GLY	C	125	GLY	NaN	8	90.720	66.446	-41.925	-25.548	input_file.pdb#125.C	1
C:126:_:VAL	C	126	VAL	NaN	11	92.010	68.266	-38.703	-24.633	input_file.pdb#126.C	1
C:127:_:LEU	C	127	LEU	NaN	12	97.660	66.429	-38.365	-21.321	input_file.pdb#127.C	1
C:128:_:SER	C	128	SER	NaN	8	103.250	67.022	-42.039	-20.559	input_file.pdb#128.C	1
C:129:_:ALA	C	129	ALA	NaN	9	89.580	70.721	-41.358	-21.078	input_file.pdb#129.C	1
C:130:_:ILE	C	130	ILE	NaN	12	106.910	70.549	-38.248	-18.894	input_file.pdb#130.C	1
C:131:_:TYR	C	131	TYR	NaN	10	122.180	68.655	-39.529	-15.848	input_file.pdb#131.C	1
C:132:_:LYS	C	132	LYS	NaN	8	120.040	71.026	-42.473	-15.372	input_file.pdb#132.C	1
C:133:_:ALA	C	133	ALA	NaN	8	132.120	74.033	-40.251	-16.019	input_file.pdb#133.C	1
C:134:_:TYR	C	134	TYR	NaN	9	141.650	74.027	-39.878	-12.233	input_file.pdb#134.C	1
C:135:_:ILE	C	135	ILE	NaN	7	99.270	47.813	-24.770	-57.969	input_file.pdb#135.C	1
C:136:_:THR	C	136	THR	NaN	6	97.880	48.404	-21.129	-58.885	input_file.pdb#136.C	1
C:137:_:SER	C	137	SER	NaN	5	85.460	46.793	-19.651	-55.753	input_file.pdb#137.C	1
C:138:_:SER	C	138	SER	NaN	4	109.010	49.316	-21.043	-53.276	input_file.pdb#138.C	1
C:201:_:GOL	C	201	GOL	NaN	0	87.630	52.084	-19.950	-55.623	input_file.pdb#201.C	1
C:202:_:GOL	C	202	GOL	NaN	0	81.280	50.681	-16.417	-55.549	input_file.pdb#202.C	1
D:3:_:TYR	D	3	TYR	NaN	6	68.850	50.499	-16.443	-51.745	input_file.pdb#3.D	1
D:4:_:ARG	D	4	ARG	NaN	8	79.120	54.091	-17.663	-51.657	input_file.pdb#4.D	1
D:5:_:LYS	D	5	LYS	NaN	7	69.150	55.307	-15.002	-54.088	input_file.pdb#5.D	1
D:6:_:GLY	D	6	GLY	NaN	9	59.290	53.430	-12.334	-52.143	input_file.pdb#6.D	1
D:7:_:ALA	D	7	ALA	NaN	12	61.480	55.060	-13.326	-48.844	input_file.pdb#7.D	1
D:8:_:ARG	D	8	ARG	NaN	13	76.740	58.482	-13.431	-50.508	input_file.pdb#8.D	1
D:9:_:ASP	D	9	ASP	NaN	9	73.040	58.099	-9.991	-52.104	input_file.pdb#9.D	1
D:10:_:THR	D	10	THR	NaN	11	69.150	56.795	-8.656	-48.791	input_file.pdb#10.D	1
D:11:_:ALA	D	11	ALA	NaN	14	81.740	59.812	-9.927	-46.857	input_file.pdb#11.D	1
D:12:_:PHE	D	12	PHE	NaN	11	89.800	62.083	-8.543	-49.577	input_file.pdb#12.D	1
D:13:_:LEU	D	13	LEU	NaN	9	81.270	60.566	-5.062	-49.399	input_file.pdb#13.D	1
D:14:_:VAL	D	14	VAL	NaN	13	95.590	60.651	-5.276	-45.605	input_file.pdb#14.D	1
D:15:_:LEU	D	15	LEU	NaN	12	110.010	64.015	-6.791	-44.661	input_file.pdb#15.D	1
D:16:_:TYR	D	16	TYR	NaN	11	98.580	65.934	-5.937	-47.834	input_file.pdb#16.D	1
D:17:_:ARG	D	17	ARG	NaN	10	98.620	67.884	-9.181	-48.092	input_file.pdb#17.D	1
D:18:_:TRP	D	18	TRP	NaN	12	76.900	68.423	-11.467	-51.081	input_file.pdb#18.D	1
D:19:_:ASP	D	19	ASP	NaN	9	100.010	65.122	-12.617	-52.689	input_file.pdb#19.D	1
D:20:_:LEU	D	20	LEU	NaN	7	87.760	66.419	-16.157	-53.279	input_file.pdb#20.D	1
D:21:_:ARG	D	21	ARG	NaN	6	102.080	67.213	-16.917	-49.645	input_file.pdb#21.D	1
D:22:_:GLY	D	22	GLY	NaN	7	92.270	63.899	-15.361	-48.620	input_file.pdb#22.D	1
D:23:_:GLU	D	23	GLU	NaN	7	91.010	62.191	-17.602	-51.167	input_file.pdb#23.D	1
D:24:_:ASN	D	24	ASN	NaN	7	87.330	63.896	-20.617	-49.602	input_file.pdb#24.D	1
D:25:_:PRO	D	25	PRO	NaN	10	84.380	62.708	-19.491	-46.165	input_file.pdb#25.D	1
D:26:_:GLY	D	26	GLY	NaN	6	64.950	59.077	-18.974	-47.204	input_file.pdb#26.D	1
D:27:_:GLU	D	27	GLU	NaN	8	83.500	59.055	-22.295	-49.070	input_file.pdb#27.D	1
D:28:_:LEU	D	28	LEU	NaN	12	86.030	60.437	-24.042	-45.989	input_file.pdb#28.D	1
D:29:_:PHE	D	29	PHE	NaN	11	81.320	57.879	-22.440	-43.666	input_file.pdb#29.D	1
D:30:_:LYS	D	30	LYS	NaN	8	87.250	54.712	-23.194	-45.652	input_file.pdb#30.D	1
D:31:_:GLU	D	31	GLU	NaN	10	100.170	55.928	-26.698	-46.542	input_file.pdb#31.D	1
D:32:_:VAL	D	32	VAL	NaN	11	104.960	55.485	-26.616	-50.313	input_file.pdb#32.D	1
D:33:_:VAL	D	33	VAL	NaN	11	110.610	55.011	-30.158	-51.595	input_file.pdb#33.D	1
D:34:_:GLU	D	34	GLU	NaN	8	106.020	53.730	-29.856	-55.165	input_file.pdb#34.D	1
D:35:_:GLU	D	35	GLU	NaN	6	109.390	56.353	-29.146	-57.833	input_file.pdb#35.D	1
D:36:_:LYS	D	36	LYS	NaN	6	118.330	54.217	-26.884	-60.027	input_file.pdb#36.D	1
D:37:_:ASN	D	37	ASN	NaN	6	95.940	53.458	-24.546	-57.117	input_file.pdb#37.D	1
D:38:_:ILE	D	38	ILE	NaN	9	88.000	57.179	-24.204	-56.388	input_file.pdb#38.D	1
D:39:_:LYS	D	39	LYS	NaN	5	99.140	58.169	-23.615	-60.021	input_file.pdb#39.D	1
D:40:_:ASN	D	40	ASN	NaN	6	100.750	55.304	-21.164	-60.549	input_file.pdb#40.D	1
D:41:_:LYS	D	41	LYS	NaN	7	82.720	55.871	-19.085	-57.394	input_file.pdb#41.D	1
D:42:_:ASP	D	42	ASP	NaN	7	86.670	59.579	-18.971	-58.254	input_file.pdb#42.D	1
D:43:_:ALA	D	43	ALA	NaN	12	87.430	58.806	-17.673	-61.749	input_file.pdb#43.D	1
D:44:_:TYR	D	44	TYR	NaN	12	78.560	56.500	-15.046	-60.229	input_file.pdb#44.D	1
D:45:_:GLU	D	45	GLU	NaN	8	77.600	59.131	-13.816	-57.773	input_file.pdb#45.D	1
D:46:_:TYR	D	46	TYR	NaN	10	81.900	61.846	-13.752	-60.450	input_file.pdb#46.D	1
D:47:_:ALA	D	47	ALA	NaN	14	77.160	59.626	-11.894	-62.925	input_file.pdb#47.D	1
D:48:_:LYS	D	48	LYS	NaN	10	79.510	58.706	-9.369	-60.237	input_file.pdb#48.D	1
D:49:_:LYS	D	49	LYS	NaN	8	80.410	62.308	-8.801	-59.141	input_file.pdb#49.D	1
D:50:_:LEU	D	50	LEU	NaN	13	91.120	63.704	-8.356	-62.657	input_file.pdb#50.D	1
D:51:_:VAL	D	51	VAL	NaN	13	92.970	61.099	-5.804	-63.774	input_file.pdb#51.D	1
D:52:_:ASP	D	52	ASP	NaN	8	85.460	60.678	-4.198	-60.333	input_file.pdb#52.D	1
D:53:_:THR	D	53	THR	NaN	12	98.140	61.406	-0.554	-61.244	input_file.pdb#53.D	1
D:54:_:ALA	D	54	ALA	NaN	13	89.220	59.243	-0.589	-64.366	input_file.pdb#54.D	1
D:55:_:VAL	D	55	VAL	NaN	7	75.220	56.501	-2.222	-62.303	input_file.pdb#55.D	1
D:56:_:ARG	D	56	ARG	NaN	6	67.280	56.827	0.501	-59.662	input_file.pdb#56.D	1
D:57:_:HIS	D	57	HIS	NaN	9	76.620	56.515	3.133	-62.378	input_file.pdb#57.D	1
D:58:_:ILE	D	58	ILE	NaN	9	79.690	53.413	1.531	-63.893	input_file.pdb#58.D	1
D:59:_:GLU	D	59	GLU	NaN	6	75.770	51.808	1.276	-60.458	input_file.pdb#59.D	1
D:60:_:GLU	D	60	GLU	NaN	7	73.010	52.776	4.802	-59.406	input_file.pdb#60.D	1
D:61:_:ILE	D	61	ILE	NaN	12	74.440	51.220	6.255	-62.560	input_file.pdb#61.D	1
D:62:_:ASP	D	62	ASP	NaN	10	70.760	47.783	4.993	-61.467	input_file.pdb#62.D	1
D:63:_:SER	D	63	SER	NaN	8	69.530	48.212	5.890	-57.780	input_file.pdb#63.D	1
D:64:_:ILE	D	64	ILE	NaN	9	76.000	46.543	9.244	-58.543	input_file.pdb#64.D	1
D:65:_:ILE	D	65	ILE	NaN	14	81.530	49.576	11.296	-57.516	input_file.pdb#65.D	1
D:66:_:GLU	D	66	GLU	NaN	12	77.020	50.822	9.302	-54.537	input_file.pdb#66.D	1
D:67:_:LYS	D	67	LYS	NaN	8	78.420	54.411	8.190	-54.028	input_file.pdb#67.D	1
D:68:_:HIS	D	68	HIS	NaN	10	80.730	54.675	4.397	-54.216	input_file.pdb#68.D	1
D:69:_:LEU	D	69	LEU	NaN	10	77.890	56.939	4.423	-51.149	input_file.pdb#69.D	1
D:70:_:LYS	D	70	LYS	NaN	6	80.620	54.010	5.750	-49.114	input_file.pdb#70.D	1
D:71:_:GLY	D	71	GLY	NaN	7	78.950	51.773	2.737	-49.747	input_file.pdb#71.D	1
D:72:_:TRP	D	72	TRP	NaN	7	67.880	51.386	0.018	-47.142	input_file.pdb#72.D	1
D:73:_:SER	D	73	SER	NaN	8	73.700	53.713	-2.942	-47.688	input_file.pdb#73.D	1
D:74:_:ILE	D	74	ILE	NaN	10	81.830	50.708	-5.193	-48.304	input_file.pdb#74.D	1
D:75:_:ASP	D	75	ASP	NaN	4	59.490	49.040	-2.994	-50.925	input_file.pdb#75.D	1
D:76:_:ARG	D	76	ARG	NaN	6	77.120	52.324	-2.058	-52.600	input_file.pdb#76.D	1
D:77:_:LEU	D	77	LEU	NaN	8	73.830	53.694	-5.607	-52.882	input_file.pdb#77.D	1
D:78:_:GLY	D	78	GLY	NaN	6	60.790	50.358	-7.133	-53.866	input_file.pdb#78.D	1
D:79:_:TYR	D	79	TYR	NaN	9	60.670	50.131	-4.525	-56.622	input_file.pdb#79.D	1
D:80:_:VAL	D	80	VAL	NaN	10	67.490	53.698	-5.411	-57.602	input_file.pdb#80.D	1
D:81:_:GLU	D	81	GLU	NaN	11	75.130	52.867	-9.110	-57.922	input_file.pdb#81.D	1
D:82:_:ARG	D	82	ARG	NaN	10	76.550	49.601	-8.375	-59.723	input_file.pdb#82.D	1
D:83:_:ASN	D	83	ASN	NaN	12	74.000	51.251	-6.135	-62.301	input_file.pdb#83.D	1
D:84:_:ALA	D	84	ALA	NaN	13	71.530	54.074	-8.658	-62.699	input_file.pdb#84.D	1
D:85:_:LEU	D	85	LEU	NaN	12	69.530	51.810	-11.591	-63.565	input_file.pdb#85.D	1
D:86:_:ARG	D	86	ARG	NaN	13	78.260	49.154	-9.638	-65.482	input_file.pdb#86.D	1
D:87:_:LEU	D	87	LEU	NaN	16	85.460	51.562	-7.647	-67.634	input_file.pdb#87.D	1
D:88:_:GLY	D	88	GLY	NaN	12	70.620	55.024	-9.206	-67.769	input_file.pdb#88.D	1
D:89:_:VAL	D	89	VAL	NaN	13	67.690	53.854	-12.827	-67.658	input_file.pdb#89.D	1
D:90:_:ALA	D	90	ALA	NaN	14	78.070	50.847	-11.898	-69.820	input_file.pdb#90.D	1
D:91:_:GLU	D	91	GLU	NaN	14	91.130	48.439	-14.084	-67.819	input_file.pdb#91.D	1
D:92:_:LEU	D	92	LEU	NaN	12	96.600	45.631	-15.593	-69.891	input_file.pdb#92.D	1
D:93:_:ILE	D	93	ILE	NaN	10	95.310	43.459	-15.673	-66.769	input_file.pdb#93.D	1
D:94:_:PHE	D	94	PHE	NaN	8	85.180	43.357	-12.019	-65.648	input_file.pdb#94.D	1
D:95:_:LEU	D	95	LEU	NaN	8	106.630	40.087	-12.264	-63.717	input_file.pdb#95.D	1
D:96:_:LYS	D	96	LYS	NaN	7	123.050	41.482	-15.077	-61.582	input_file.pdb#96.D	1
D:97:_:SER	D	97	SER	NaN	9	85.820	44.646	-13.066	-60.938	input_file.pdb#97.D	1
D:98:_:LYS	D	98	LYS	NaN	4	91.590	42.482	-10.163	-59.748	input_file.pdb#98.D	1
D:99:_:GLU	D	99	GLU	NaN	6	99.130	40.613	-12.611	-57.518	input_file.pdb#99.D	1
D:100:_:PRO	D	100	PRO	NaN	8	93.300	43.687	-14.157	-55.884	input_file.pdb#100.D	1
D:101:_:GLY	D	101	GLY	NaN	6	82.480	45.465	-10.813	-55.453	input_file.pdb#101.D	1
D:102:_:ARG	D	102	ARG	NaN	7	88.160	42.502	-8.962	-53.934	input_file.pdb#102.D	1
D:103:_:VAL	D	103	VAL	NaN	12	100.090	41.856	-11.945	-51.648	input_file.pdb#103.D	1
D:104:_:PHE	D	104	PHE	NaN	11	82.720	45.486	-11.800	-50.515	input_file.pdb#104.D	1
D:105:_:ILE	D	105	ILE	NaN	8	81.970	45.003	-8.108	-49.759	input_file.pdb#105.D	1
D:106:_:ASP	D	106	ASP	NaN	10	102.470	41.882	-8.885	-47.734	input_file.pdb#106.D	1
D:107:_:ILE	D	107	ILE	NaN	13	82.810	43.762	-11.572	-45.795	input_file.pdb#107.D	1
D:108:_:VAL	D	108	VAL	NaN	12	90.990	46.779	-9.566	-44.615	input_file.pdb#108.D	1
D:109:_:ASP	D	109	ASP	NaN	9	102.740	44.895	-6.274	-44.409	input_file.pdb#109.D	1
D:110:_:LEU	D	110	LEU	NaN	10	113.730	41.339	-4.938	-44.274	input_file.pdb#110.D	1
D:111:_:VAL	D	111	VAL	NaN	16	107.280	38.932	-5.159	-47.223	input_file.pdb#111.D	1
D:112:_:LYS	D	112	LYS	NaN	12	113.710	39.216	-1.365	-47.293	input_file.pdb#112.D	1
D:113:_:LYS	D	113	LYS	NaN	7	88.160	42.644	-1.889	-48.855	input_file.pdb#113.D	1
D:114:_:TYR	D	114	TYR	NaN	7	85.800	41.170	-4.693	-50.952	input_file.pdb#114.D	1
D:115:_:ALA	D	115	ALA	NaN	9	100.220	38.806	-2.514	-52.971	input_file.pdb#115.D	1
D:116:_:ASP	D	116	ASP	NaN	9	76.220	41.616	0.026	-53.365	input_file.pdb#116.D	1
D:117:_:GLU	D	117	GLU	NaN	8	58.650	44.072	-2.512	-54.784	input_file.pdb#117.D	1
D:118:_:LYS	D	118	LYS	NaN	7	71.520	41.252	-3.828	-56.969	input_file.pdb#118.D	1
D:119:_:ALA	D	119	ALA	NaN	11	84.470	40.681	-0.331	-58.334	input_file.pdb#119.D	1
D:120:_:GLY	D	120	GLY	NaN	13	59.800	44.334	0.453	-58.996	input_file.pdb#120.D	1
D:121:_:LYS	D	121	LYS	NaN	9	79.220	44.797	-2.956	-60.625	input_file.pdb#121.D	1
D:122:_:PHE	D	122	PHE	NaN	8	75.040	41.711	-2.407	-62.781	input_file.pdb#122.D	1
D:123:_:VAL	D	123	VAL	NaN	13	71.750	43.021	0.973	-63.944	input_file.pdb#123.D	1
D:124:_:ASN	D	124	ASN	NaN	10	74.600	46.478	-0.436	-64.686	input_file.pdb#124.D	1
D:125:_:GLY	D	125	GLY	NaN	8	65.230	45.057	-3.348	-66.677	input_file.pdb#125.D	1
D:126:_:VAL	D	126	VAL	NaN	11	76.960	42.617	-1.146	-68.600	input_file.pdb#126.D	1
D:127:_:LEU	D	127	LEU	NaN	12	71.420	45.597	1.025	-69.521	input_file.pdb#127.D	1
D:128:_:SER	D	128	SER	NaN	8	83.240	47.621	-2.048	-70.499	input_file.pdb#128.D	1
D:129:_:ALA	D	129	ALA	NaN	9	62.280	44.899	-3.232	-72.884	input_file.pdb#129.D	1
D:130:_:ILE	D	130	ILE	NaN	12	87.650	45.109	-0.036	-74.947	input_file.pdb#130.D	1
D:131:_:TYR	D	131	TYR	NaN	10	103.820	48.902	0.206	-74.627	input_file.pdb#131.D	1
D:132:_:LYS	D	132	LYS	NaN	8	113.850	49.844	-1.875	-77.671	input_file.pdb#132.D	1
D:133:_:ALA	D	133	ALA	NaN	8	105.490	39.231	-51.186	-50.026	input_file.pdb#133.D	1
D:134:_:TYR	D	134	TYR	NaN	9	110.390	39.741	-49.341	-53.330	input_file.pdb#134.D	1
D:135:_:ILE	D	135	ILE	NaN	7	80.810	42.339	-51.584	-55.037	input_file.pdb#135.D	1
D:136:_:THR	D	136	THR	NaN	6	73.920	39.611	-54.133	-55.780	input_file.pdb#136.D	1
D:137:_:SER	D	137	SER	NaN	5	68.410	38.352	-52.483	-58.989	input_file.pdb#137.D	1
D:138:_:SER	D	138	SER	NaN	4	63.660	41.820	-52.281	-60.515	input_file.pdb#138.D	1
D:201:_:SO4	D	201	SO4	NaN	0	65.530	42.512	-55.862	-59.491	input_file.pdb#201.D	1
D:202:_:GOL	D	202	GOL	NaN	0	62.700	39.298	-56.944	-61.223	input_file.pdb#202.D	1
E:1:_:MET	E	1	MET	NaN	3	64.340	40.220	-55.053	-64.386	input_file.pdb#1.E	1
E:2:_:ARG	E	2	ARG	NaN	4	64.770	43.668	-56.658	-64.479	input_file.pdb#2.E	1
E:3:_:TYR	E	3	TYR	NaN	9	62.650	42.196	-60.106	-63.852	input_file.pdb#3.E	1
E:4:_:ARG	E	4	ARG	NaN	9	53.290	39.665	-59.593	-66.614	input_file.pdb#4.E	1
E:5:_:LYS	E	5	LYS	NaN	8	62.140	42.377	-58.634	-69.105	input_file.pdb#5.E	1
E:6:_:GLY	E	6	GLY	NaN	9	68.060	44.403	-61.691	-68.115	input_file.pdb#6.E	1
E:7:_:ALA	E	7	ALA	NaN	13	74.390	41.433	-64.040	-68.553	input_file.pdb#7.E	1
E:8:_:ARG	E	8	ARG	NaN	13	74.110	40.312	-62.436	-71.822	input_file.pdb#8.E	1
E:9:_:ASP	E	9	ASP	NaN	9	81.510	43.764	-62.849	-73.333	input_file.pdb#9.E	1
E:10:_:THR	E	10	THR	NaN	12	72.000	44.176	-66.315	-71.801	input_file.pdb#10.E	1
E:11:_:ALA	E	11	ALA	NaN	13	92.730	41.040	-67.458	-73.605	input_file.pdb#11.E	1
E:12:_:PHE	E	12	PHE	NaN	11	83.140	41.717	-65.538	-76.815	input_file.pdb#12.E	1
E:13:_:LEU	E	13	LEU	NaN	9	93.200	45.491	-65.830	-77.273	input_file.pdb#13.E	1
E:14:_:VAL	E	14	VAL	NaN	13	75.020	45.960	-69.155	-75.475	input_file.pdb#14.E	1
E:15:_:LEU	E	15	LEU	NaN	13	86.980	49.146	-67.785	-73.901	input_file.pdb#15.E	1
E:16:_:TYR	E	16	TYR	NaN	12	98.550	50.351	-68.708	-70.405	input_file.pdb#16.E	1
E:17:_:ARG	E	17	ARG	NaN	11	81.290	48.352	-66.984	-67.597	input_file.pdb#17.E	1
E:18:_:TRP	E	18	TRP	NaN	12	78.960	51.476	-65.943	-65.682	input_file.pdb#18.E	1
E:19:_:ASP	E	19	ASP	NaN	9	96.280	53.164	-64.466	-68.750	input_file.pdb#19.E	1
E:20:_:LEU	E	20	LEU	NaN	8	83.220	50.004	-62.572	-69.684	input_file.pdb#20.E	1
E:21:_:ARG	E	21	ARG	NaN	8	82.880	49.803	-61.400	-66.078	input_file.pdb#21.E	1
E:22:_:GLY	E	22	GLY	NaN	7	90.220	53.325	-60.010	-66.421	input_file.pdb#22.E	1
E:23:_:GLU	E	23	GLU	NaN	8	89.120	52.312	-58.346	-69.692	input_file.pdb#23.E	1
E:24:_:ASN	E	24	ASN	NaN	7	80.290	49.177	-56.699	-68.305	input_file.pdb#24.E	1
E:25:_:PRO	E	25	PRO	NaN	11	74.940	50.909	-55.571	-65.107	input_file.pdb#25.E	1
E:26:_:GLY	E	26	GLY	NaN	6	94.410	53.834	-54.087	-67.044	input_file.pdb#26.E	1
E:27:_:GLU	E	27	GLU	NaN	8	75.550	51.691	-52.321	-69.644	input_file.pdb#27.E	1
E:28:_:LEU	E	28	LEU	NaN	12	78.750	49.232	-50.932	-67.089	input_file.pdb#28.E	1
E:29:_:PHE	E	29	PHE	NaN	11	77.570	52.171	-49.674	-65.017	input_file.pdb#29.E	1
E:30:_:LYS	E	30	LYS	NaN	8	69.920	50.834	-51.371	-61.888	input_file.pdb#30.E	1
E:31:_:GLU	E	31	GLU	NaN	8	83.840	52.885	-50.662	-58.766	input_file.pdb#31.E	1
E:32:_:VAL	E	32	VAL	NaN	11	71.470	50.807	-50.697	-55.565	input_file.pdb#32.E	1
E:33:_:VAL	E	33	VAL	NaN	11	75.970	51.117	-54.064	-53.819	input_file.pdb#33.E	1
E:34:_:GLU	E	34	GLU	NaN	8	68.380	47.486	-54.676	-52.833	input_file.pdb#34.E	1
E:35:_:GLU	E	35	GLU	NaN	7	63.730	46.236	-54.367	-56.411	input_file.pdb#35.E	1
E:36:_:LYS	E	36	LYS	NaN	6	65.380	49.037	-56.608	-57.688	input_file.pdb#36.E	1
E:37:_:ASN	E	37	ASN	NaN	6	83.970	48.504	-59.413	-55.177	input_file.pdb#37.E	1
E:38:_:ILE	E	38	ILE	NaN	9	82.050	44.712	-59.192	-55.384	input_file.pdb#38.E	1
E:39:_:LYS	E	39	LYS	NaN	6	63.970	44.849	-59.388	-59.175	input_file.pdb#39.E	1
E:40:_:ASN	E	40	ASN	NaN	6	74.780	47.199	-62.364	-58.897	input_file.pdb#40.E	1
E:41:_:LYS	E	41	LYS	NaN	6	77.810	44.829	-64.108	-56.471	input_file.pdb#41.E	1
E:42:_:ASP	E	42	ASP	NaN	7	75.150	41.872	-63.408	-58.763	input_file.pdb#42.E	1
E:43:_:ALA	E	43	ALA	NaN	13	73.190	43.693	-64.801	-61.798	input_file.pdb#43.E	1
E:44:_:TYR	E	44	TYR	NaN	12	89.960	44.907	-67.860	-59.875	input_file.pdb#44.E	1
E:45:_:GLU	E	45	GLU	NaN	8	75.940	41.431	-68.529	-58.465	input_file.pdb#45.E	1
E:46:_:TYR	E	46	TYR	NaN	11	69.810	40.103	-68.178	-62.011	input_file.pdb#46.E	1
E:47:_:ALA	E	47	ALA	NaN	13	88.610	42.609	-70.537	-63.667	input_file.pdb#47.E	1
E:48:_:LYS	E	48	LYS	NaN	10	91.460	42.526	-73.181	-60.974	input_file.pdb#48.E	1
E:49:_:LYS	E	49	LYS	NaN	8	96.610	38.797	-74.108	-60.752	input_file.pdb#49.E	1
E:50:_:LEU	E	50	LEU	NaN	14	81.850	38.242	-72.937	-64.368	input_file.pdb#50.E	1
E:51:_:VAL	E	51	VAL	NaN	12	96.760	36.282	-76.030	-65.445	input_file.pdb#51.E	1
E:52:_:ASP	E	52	ASP	NaN	8	97.550	34.098	-76.018	-62.337	input_file.pdb#52.E	1
E:53:_:THR	E	53	THR	NaN	11	84.500	33.282	-72.383	-63.089	input_file.pdb#53.E	1
E:54:_:ALA	E	54	ALA	NaN	12	87.070	32.595	-73.157	-66.757	input_file.pdb#54.E	1
E:55:_:VAL	E	55	VAL	NaN	8	94.950	30.138	-75.846	-65.669	input_file.pdb#55.E	1
E:56:_:ARG	E	56	ARG	NaN	6	87.530	28.473	-73.474	-63.203	input_file.pdb#56.E	1
E:57:_:HIS	E	57	HIS	NaN	8	84.720	27.851	-70.774	-65.815	input_file.pdb#57.E	1
E:58:_:ILE	E	58	ILE	NaN	9	76.140	26.950	-73.381	-68.431	input_file.pdb#58.E	1
E:59:_:GLU	E	59	GLU	NaN	6	97.850	24.147	-74.555	-66.150	input_file.pdb#59.E	1
E:60:_:GLU	E	60	GLU	NaN	7	102.540	22.423	-71.169	-66.425	input_file.pdb#60.E	1
E:61:_:ILE	E	61	ILE	NaN	11	72.970	22.807	-70.828	-70.201	input_file.pdb#61.E	1
E:62:_:ASP	E	62	ASP	NaN	10	96.120	19.800	-73.127	-70.650	input_file.pdb#62.E	1
E:63:_:SER	E	63	SER	NaN	8	88.390	21.649	-75.874	-72.498	input_file.pdb#63.E	1
E:64:_:ILE	E	64	ILE	NaN	9	85.840	23.760	-73.424	-74.478	input_file.pdb#64.E	1
E:65:_:ILE	E	65	ILE	NaN	14	87.340	27.456	-74.255	-74.793	input_file.pdb#65.E	1
E:66:_:GLU	E	66	GLU	NaN	12	94.370	29.680	-71.543	-73.314	input_file.pdb#66.E	1
E:67:_:LYS	E	67	LYS	NaN	8	91.990	31.587	-70.978	-76.565	input_file.pdb#67.E	1
E:68:_:HIS	E	68	HIS	NaN	10	99.040	28.370	-69.482	-77.950	input_file.pdb#68.E	1
E:69:_:LEU	E	69	LEU	NaN	10	74.500	28.921	-66.324	-75.915	input_file.pdb#69.E	1
E:70:_:LYS	E	70	LYS	NaN	6	77.770	31.286	-63.430	-76.547	input_file.pdb#70.E	1
E:71:_:GLY	E	71	GLY	NaN	7	82.430	34.845	-63.395	-75.220	input_file.pdb#71.E	1
E:72:_:TRP	E	72	TRP	NaN	7	71.070	34.109	-60.419	-72.972	input_file.pdb#72.E	1
E:73:_:SER	E	73	SER	NaN	7	64.690	30.817	-61.864	-71.714	input_file.pdb#73.E	1
E:74:_:ILE	E	74	ILE	NaN	10	69.600	32.270	-65.329	-71.096	input_file.pdb#74.E	1
E:75:_:ASP	E	75	ASP	NaN	6	64.680	35.506	-64.299	-69.358	input_file.pdb#75.E	1
E:76:_:ARG	E	76	ARG	NaN	6	76.160	33.802	-61.600	-67.281	input_file.pdb#76.E	1
E:77:_:LEU	E	77	LEU	NaN	7	72.240	31.259	-64.194	-66.158	input_file.pdb#77.E	1
E:78:_:GLY	E	78	GLY	NaN	7	68.460	34.156	-66.493	-65.246	input_file.pdb#78.E	1
E:79:_:TYR	E	79	TYR	NaN	9	66.160	35.839	-63.814	-63.133	input_file.pdb#79.E	1
E:80:_:VAL	E	80	VAL	NaN	10	71.060	32.503	-62.890	-61.570	input_file.pdb#80.E	1
E:81:_:GLU	E	81	GLU	NaN	13	80.090	31.740	-66.479	-60.587	input_file.pdb#81.E	1
E:82:_:ARG	E	82	ARG	NaN	11	73.380	35.277	-66.929	-59.253	input_file.pdb#82.E	1
E:83:_:ASN	E	83	ASN	NaN	12	72.780	35.101	-63.854	-57.014	input_file.pdb#83.E	1
E:84:_:ALA	E	84	ALA	NaN	14	73.770	31.471	-64.214	-55.902	input_file.pdb#84.E	1
E:85:_:LEU	E	85	LEU	NaN	11	85.640	31.550	-67.934	-55.166	input_file.pdb#85.E	1
E:86:_:ARG	E	86	ARG	NaN	13	78.020	35.066	-69.328	-54.831	input_file.pdb#86.E	1
E:87:_:LEU	E	87	LEU	NaN	14	70.120	36.512	-66.418	-52.855	input_file.pdb#87.E	1
E:88:_:GLY	E	88	GLY	NaN	12	84.500	33.127	-65.735	-51.215	input_file.pdb#88.E	1
E:89:_:VAL	E	89	VAL	NaN	13	92.940	33.066	-61.952	-51.621	input_file.pdb#89.E	1
E:90:_:ALA	E	90	ALA	NaN	13	89.670	31.571	-60.095	-48.654	input_file.pdb#90.E	1
E:91:_:GLU	E	91	GLU	NaN	12	90.600	30.630	-57.333	-51.091	input_file.pdb#91.E	1
E:92:_:LEU	E	92	LEU	NaN	12	82.560	28.533	-59.137	-53.734	input_file.pdb#92.E	1
E:93:_:ILE	E	93	ILE	NaN	10	80.600	26.694	-56.075	-55.026	input_file.pdb#93.E	1
E:94:_:PHE	E	94	PHE	NaN	8	90.280	29.973	-54.206	-55.394	input_file.pdb#94.E	1
E:95:_:LEU	E	95	LEU	NaN	8	59.740	31.392	-57.062	-57.456	input_file.pdb#95.E	1
E:96:_:LYS	E	96	LYS	NaN	7	71.300	28.246	-56.956	-59.592	input_file.pdb#96.E	1
E:97:_:SER	E	97	SER	NaN	9	72.330	28.605	-53.215	-60.217	input_file.pdb#97.E	1
E:98:_:LYS	E	98	LYS	NaN	4	59.870	32.295	-53.447	-61.136	input_file.pdb#98.E	1
E:99:_:GLU	E	99	GLU	NaN	6	67.290	31.924	-56.527	-63.341	input_file.pdb#99.E	1
E:100:_:PRO	E	100	PRO	NaN	8	64.880	28.933	-55.144	-65.236	input_file.pdb#100.E	1
E:101:_:GLY	E	101	GLY	NaN	6	70.230	30.884	-51.897	-65.629	input_file.pdb#101.E	1
E:102:_:ARG	E	102	ARG	NaN	7	68.940	33.769	-53.829	-67.184	input_file.pdb#102.E	1
E:103:_:VAL	E	103	VAL	NaN	12	59.190	31.373	-55.621	-69.523	input_file.pdb#103.E	1
E:104:_:PHE	E	104	PHE	NaN	11	57.480	29.786	-52.352	-70.690	input_file.pdb#104.E	1
E:105:_:ILE	E	105	ILE	NaN	8	64.610	33.236	-50.830	-71.113	input_file.pdb#105.E	1
E:106:_:ASP	E	106	ASP	NaN	10	61.770	34.897	-53.604	-73.121	input_file.pdb#106.E	1
E:107:_:ILE	E	107	ILE	NaN	11	71.550	31.830	-54.628	-75.139	input_file.pdb#107.E	1
E:108:_:VAL	E	108	VAL	NaN	12	68.690	28.559	-52.657	-74.911	input_file.pdb#108.E	1
E:109:_:ASP	E	109	ASP	NaN	9	89.650	25.360	-52.000	-72.935	input_file.pdb#109.E	1
E:110:_:LEU	E	110	LEU	NaN	10	90.390	23.438	-55.120	-73.994	input_file.pdb#110.E	1
E:111:_:VAL	E	111	VAL	NaN	16	72.040	26.366	-57.365	-73.087	input_file.pdb#111.E	1
E:112:_:LYS	E	112	LYS	NaN	12	76.530	26.295	-55.669	-69.696	input_file.pdb#112.E	1
E:113:_:LYS	E	113	LYS	NaN	7	76.640	22.609	-56.432	-69.219	input_file.pdb#113.E	1
E:114:_:TYR	E	114	TYR	NaN	7	69.140	23.162	-60.039	-70.325	input_file.pdb#114.E	1
E:115:_:ALA	E	115	ALA	NaN	9	72.060	26.097	-60.609	-67.960	input_file.pdb#115.E	1
E:116:_:ASP	E	116	ASP	NaN	9	85.850	24.119	-58.899	-65.206	input_file.pdb#116.E	1
E:117:_:GLU	E	117	GLU	NaN	8	90.440	21.128	-61.199	-65.641	input_file.pdb#117.E	1
E:118:_:LYS	E	118	LYS	NaN	7	69.000	23.170	-64.390	-65.910	input_file.pdb#118.E	1
E:119:_:ALA	E	119	ALA	NaN	11	82.220	25.435	-63.605	-62.958	input_file.pdb#119.E	1
E:120:_:GLY	E	120	GLY	NaN	14	74.650	22.432	-62.534	-60.876	input_file.pdb#120.E	1
E:121:_:LYS	E	121	LYS	NaN	9	91.000	20.743	-65.870	-61.573	input_file.pdb#121.E	1
E:122:_:PHE	E	122	PHE	NaN	9	91.710	23.968	-67.688	-60.659	input_file.pdb#122.E	1
E:123:_:VAL	E	123	VAL	NaN	13	96.940	24.306	-65.847	-57.348	input_file.pdb#123.E	1
E:124:_:ASN	E	124	ASN	NaN	10	104.000	20.632	-66.444	-56.586	input_file.pdb#124.E	1
E:125:_:GLY	E	125	GLY	NaN	8	92.750	21.319	-70.144	-57.102	input_file.pdb#125.E	1
E:126:_:VAL	E	126	VAL	NaN	11	106.640	24.433	-69.970	-54.924	input_file.pdb#126.E	1
E:127:_:LEU	E	127	LEU	NaN	12	121.380	23.139	-68.076	-51.894	input_file.pdb#127.E	1
E:128:_:SER	E	128	SER	NaN	8	121.560	20.233	-70.421	-51.285	input_file.pdb#128.E	1
E:129:_:ALA	E	129	ALA	NaN	9	157.240	21.493	-73.792	-50.139	input_file.pdb#129.E	1
E:130:_:ILE	E	130	ILE	NaN	12	149.920	19.222	-73.164	-47.105	input_file.pdb#130.E	1
E:131:_:TYR	E	131	TYR	NaN	10	100.420	37.907	-47.272	-93.988	input_file.pdb#131.E	1
E:132:_:LYS	E	132	LYS	NaN	8	97.780	41.548	-47.859	-94.905	input_file.pdb#132.E	1
E:133:_:ALA	E	133	ALA	NaN	8	85.490	43.026	-46.244	-91.775	input_file.pdb#133.E	1
E:134:_:TYR	E	134	TYR	NaN	8	111.370	41.640	-48.769	-89.298	input_file.pdb#134.E	1
E:135:_:ILE	E	135	ILE	NaN	6	88.220	42.733	-51.536	-91.642	input_file.pdb#135.E	1
E:136:_:THR	E	136	THR	NaN	6	83.680	46.265	-50.129	-91.569	input_file.pdb#136.E	1
E:137:_:SER	E	137	SER	NaN	5	68.170	46.242	-49.947	-87.767	input_file.pdb#137.E	1
E:138:_:SER	E	138	SER	NaN	2	79.820	45.027	-53.542	-87.676	input_file.pdb#138.E	1
E:201:_:GOL	E	201	GOL	NaN	0	67.670	47.688	-54.755	-90.110	input_file.pdb#201.E	1
E:202:_:GOL	E	202	GOL	NaN	0	60.030	50.352	-52.874	-88.168	input_file.pdb#202.E	1
F:3:_:TYR	F	3	TYR	NaN	6	61.940	49.364	-54.503	-84.871	input_file.pdb#3.F	1
F:4:_:ARG	F	4	ARG	NaN	8	75.330	49.263	-57.926	-86.532	input_file.pdb#4.F	1
F:5:_:LYS	F	5	LYS	NaN	7	73.040	52.704	-57.539	-88.128	input_file.pdb#5.F	1
F:6:_:GLY	F	6	GLY	NaN	9	68.210	54.037	-56.232	-84.818	input_file.pdb#6.F	1
F:7:_:ALA	F	7	ALA	NaN	12	83.200	52.773	-59.250	-82.883	input_file.pdb#7.F	1
F:8:_:ARG	F	8	ARG	NaN	13	90.220	54.158	-61.521	-85.603	input_file.pdb#8.F	1
F:9:_:ASP	F	9	ASP	NaN	9	79.650	57.636	-59.998	-85.426	input_file.pdb#9.F	1
F:10:_:THR	F	10	THR	NaN	11	95.020	57.425	-60.082	-81.632	input_file.pdb#10.F	1
F:11:_:ALA	F	11	ALA	NaN	14	107.790	55.915	-63.449	-80.688	input_file.pdb#11.F	1
F:12:_:PHE	F	12	PHE	NaN	11	97.590	56.769	-65.366	-83.861	input_file.pdb#12.F	1
F:13:_:LEU	F	13	LEU	NaN	9	99.440	53.528	-67.321	-84.116	input_file.pdb#13.F	1
F:14:_:VAL	F	14	VAL	NaN	13	76.530	51.240	-67.864	-87.103	input_file.pdb#14.F	1
F:15:_:LEU	F	15	LEU	NaN	12	98.640	50.086	-64.565	-88.711	input_file.pdb#15.F	1
F:16:_:TYR	F	16	TYR	NaN	11	88.470	46.548	-65.866	-89.299	input_file.pdb#16.F	1
F:17:_:ARG	F	17	ARG	NaN	10	101.600	45.791	-66.662	-85.665	input_file.pdb#17.F	1
F:18:_:TRP	F	18	TRP	NaN	12	91.800	47.342	-63.344	-84.642	input_file.pdb#18.F	1
F:19:_:ASP	F	19	ASP	NaN	9	90.040	45.098	-61.641	-87.188	input_file.pdb#19.F	1
F:20:_:LEU	F	20	LEU	NaN	7	88.180	42.087	-63.347	-85.620	input_file.pdb#20.F	1
F:21:_:ARG	F	21	ARG	NaN	6	84.540	43.213	-62.158	-82.183	input_file.pdb#21.F	1
F:22:_:GLY	F	22	GLY	NaN	7	62.920	43.724	-58.528	-83.224	input_file.pdb#22.F	1
F:23:_:GLU	F	23	GLU	NaN	7	83.440	40.401	-58.508	-85.087	input_file.pdb#23.F	1
F:24:_:ASN	F	24	ASN	NaN	7	84.900	38.660	-59.893	-82.005	input_file.pdb#24.F	1
F:25:_:PRO	F	25	PRO	NaN	10	82.650	40.258	-57.332	-79.684	input_file.pdb#25.F	1
F:26:_:GLY	F	26	GLY	NaN	6	85.460	39.501	-54.165	-81.669	input_file.pdb#26.F	1
F:27:_:GLU	F	27	GLU	NaN	8	100.640	35.998	-55.388	-82.558	input_file.pdb#27.F	1
F:28:_:LEU	F	28	LEU	NaN	13	104.320	36.076	-54.945	-86.328	input_file.pdb#28.F	1
F:29:_:PHE	F	29	PHE	NaN	11	111.710	32.532	-54.476	-87.608	input_file.pdb#29.F	1
F:30:_:LYS	F	30	LYS	NaN	8	104.880	32.830	-53.196	-91.179	input_file.pdb#30.F	1
F:31:_:GLU	F	31	GLU	NaN	10	109.220	33.542	-55.819	-93.846	input_file.pdb#31.F	1
F:32:_:VAL	F	32	VAL	NaN	11	119.590	35.799	-53.679	-96.041	input_file.pdb#32.F	1
F:33:_:VAL	F	33	VAL	NaN	11	96.120	38.140	-52.918	-93.134	input_file.pdb#33.F	1
F:34:_:GLU	F	34	GLU	NaN	8	86.170	38.487	-56.638	-92.405	input_file.pdb#34.F	1
F:35:_:GLU	F	35	GLU	NaN	6	98.170	39.074	-57.628	-96.038	input_file.pdb#35.F	1
F:36:_:LYS	F	36	LYS	NaN	6	101.310	41.521	-54.761	-96.568	input_file.pdb#36.F	1
F:37:_:ASN	F	37	ASN	NaN	6	83.020	43.602	-55.323	-93.414	input_file.pdb#37.F	1
F:38:_:ILE	F	38	ILE	NaN	9	86.280	43.721	-59.031	-94.275	input_file.pdb#38.F	1
F:39:_:LYS	F	39	LYS	NaN	5	88.100	45.017	-58.259	-97.770	input_file.pdb#39.F	1
F:40:_:ASN	F	40	ASN	NaN	6	78.160	47.640	-55.949	-96.250	input_file.pdb#40.F	1
F:41:_:LYS	F	41	LYS	NaN	7	77.280	48.874	-58.577	-93.796	input_file.pdb#41.F	1
F:42:_:ASP	F	42	ASP	NaN	7	80.660	48.940	-61.290	-96.472	input_file.pdb#42.F	1
F:43:_:ALA	F	43	ALA	NaN	12	76.700	50.794	-59.071	-98.948	input_file.pdb#43.F	1
F:44:_:TYR	F	44	TYR	NaN	12	78.280	53.320	-58.148	-96.263	input_file.pdb#44.F	1
F:45:_:GLU	F	45	GLU	NaN	8	80.010	53.895	-61.748	-95.166	input_file.pdb#45.F	1
F:46:_:TYR	F	46	TYR	NaN	10	92.360	54.339	-63.143	-98.682	input_file.pdb#46.F	1
F:47:_:ALA	F	47	ALA	NaN	14	90.670	56.886	-60.535	-99.802	input_file.pdb#47.F	1
F:48:_:LYS	F	48	LYS	NaN	10	85.260	58.494	-60.112	-96.362	input_file.pdb#48.F	1
F:49:_:LYS	F	49	LYS	NaN	8	95.580	62.138	-60.835	-97.275	input_file.pdb#49.F	1
F:50:_:LEU	F	50	LEU	NaN	13	85.890	62.100	-58.674	-100.397	input_file.pdb#50.F	1
F:51:_:VAL	F	51	VAL	NaN	13	75.750	60.464	-55.933	-98.333	input_file.pdb#51.F	1
F:52:_:ASP	F	52	ASP	NaN	8	68.080	63.189	-56.256	-95.695	input_file.pdb#52.F	1
F:53:_:THR	F	53	THR	NaN	12	77.300	65.818	-55.939	-98.413	input_file.pdb#53.F	1
F:54:_:ALA	F	54	ALA	NaN	13	78.650	64.212	-52.839	-99.926	input_file.pdb#54.F	1
F:55:_:VAL	F	55	VAL	NaN	7	74.790	63.958	-51.235	-96.492	input_file.pdb#55.F	1
F:56:_:ARG	F	56	ARG	NaN	6	72.570	67.483	-52.196	-95.443	input_file.pdb#56.F	1
F:57:_:HIS	F	57	HIS	NaN	9	74.220	68.931	-50.640	-98.597	input_file.pdb#57.F	1
F:58:_:ILE	F	58	ILE	NaN	9	70.970	67.667	-47.204	-97.505	input_file.pdb#58.F	1
F:59:_:GLU	F	59	GLU	NaN	6	68.730	68.569	-47.634	-93.819	input_file.pdb#59.F	1
F:60:_:GLU	F	60	GLU	NaN	7	74.010	71.920	-45.958	-94.583	input_file.pdb#60.F	1
F:61:_:ILE	F	61	ILE	NaN	12	81.310	73.975	-48.987	-93.557	input_file.pdb#61.F	1
F:62:_:ASP	F	62	ASP	NaN	10	77.270	71.985	-50.238	-90.577	input_file.pdb#62.F	1
F:63:_:SER	F	63	SER	NaN	8	78.520	70.876	-53.827	-90.066	input_file.pdb#63.F	1
F:64:_:ILE	F	64	ILE	NaN	9	82.140	67.086	-54.096	-90.252	input_file.pdb#64.F	1
F:65:_:ILE	F	65	ILE	NaN	14	76.960	67.116	-56.360	-87.185	input_file.pdb#65.F	1
F:66:_:GLU	F	66	GLU	NaN	12	79.620	68.441	-53.427	-85.151	input_file.pdb#66.F	1
F:67:_:LYS	F	67	LYS	NaN	8	77.690	65.423	-51.197	-85.782	input_file.pdb#67.F	1
F:68:_:HIS	F	68	HIS	NaN	10	67.850	62.706	-50.811	-83.173	input_file.pdb#68.F	1
F:69:_:LEU	F	69	LEU	NaN	10	72.710	59.750	-53.141	-83.720	input_file.pdb#69.F	1
F:70:_:LYS	F	70	LYS	NaN	6	80.420	57.492	-50.139	-84.335	input_file.pdb#70.F	1
F:71:_:GLY	F	71	GLY	NaN	7	59.020	59.689	-48.470	-86.959	input_file.pdb#71.F	1
F:72:_:TRP	F	72	TRP	NaN	7	77.020	60.629	-51.753	-88.632	input_file.pdb#72.F	1
F:73:_:SER	F	73	SER	NaN	8	73.110	57.080	-53.128	-88.910	input_file.pdb#73.F	1
F:74:_:ILE	F	74	ILE	NaN	10	61.950	55.548	-49.791	-89.895	input_file.pdb#74.F	1
F:75:_:ASP	F	75	ASP	NaN	4	61.170	58.156	-49.565	-92.652	input_file.pdb#75.F	1
F:76:_:ARG	F	76	ARG	NaN	6	67.450	57.273	-53.132	-93.631	input_file.pdb#76.F	1
F:77:_:LEU	F	77	LEU	NaN	8	75.240	53.575	-52.305	-93.951	input_file.pdb#77.F	1
F:78:_:GLY	F	78	GLY	NaN	6	76.260	54.301	-49.042	-95.751	input_file.pdb#78.F	1
F:79:_:TYR	F	79	TYR	NaN	9	75.200	56.543	-50.688	-98.329	input_file.pdb#79.F	1
F:80:_:VAL	F	80	VAL	NaN	10	71.970	54.023	-53.513	-98.727	input_file.pdb#80.F	1
F:81:_:GLU	F	81	GLU	NaN	11	71.640	51.088	-51.253	-99.589	input_file.pdb#81.F	1
F:82:_:ARG	F	82	ARG	NaN	10	78.600	53.035	-48.596	-101.510	input_file.pdb#82.F	1
F:83:_:ASN	F	83	ASN	NaN	12	83.720	55.028	-51.002	-103.663	input_file.pdb#83.F	1
F:84:_:ALA	F	84	ALA	NaN	13	69.500	53.473	-54.466	-103.796	input_file.pdb#84.F	1
F:85:_:LEU	F	85	LEU	NaN	12	68.540	49.852	-53.301	-103.681	input_file.pdb#85.F	1
F:86:_:ARG	F	86	ARG	NaN	13	79.610	50.774	-50.293	-105.846	input_file.pdb#86.F	1
F:87:_:LEU	F	87	LEU	NaN	16	91.180	48.587	-47.887	-103.843	input_file.pdb#87.F	1
F:88:_:GLY	F	88	GLY	NaN	12	96.170	47.074	-45.082	-105.915	input_file.pdb#88.F	1
F:89:_:VAL	F	89	VAL	NaN	13	94.780	46.992	-42.908	-102.795	input_file.pdb#89.F	1
F:90:_:ALA	F	90	ALA	NaN	14	84.560	50.646	-42.802	-101.675	input_file.pdb#90.F	1
F:91:_:GLU	F	91	GLU	NaN	14	106.790	50.400	-39.533	-99.743	input_file.pdb#91.F	1
F:92:_:LEU	F	92	LEU	NaN	12	123.840	47.589	-40.930	-97.608	input_file.pdb#92.F	1
F:93:_:ILE	F	93	ILE	NaN	10	85.450	49.605	-44.091	-96.964	input_file.pdb#93.F	1
F:94:_:PHE	F	94	PHE	NaN	8	92.930	52.504	-41.923	-95.777	input_file.pdb#94.F	1
F:95:_:LEU	F	95	LEU	NaN	8	98.780	50.057	-40.057	-93.547	input_file.pdb#95.F	1
F:96:_:LYS	F	96	LYS	NaN	7	93.200	48.516	-43.133	-91.910	input_file.pdb#96.F	1
F:97:_:SER	F	97	SER	NaN	9	82.020	51.861	-44.907	-91.481	input_file.pdb#97.F	1
F:98:_:LYS	F	98	LYS	NaN	4	87.900	53.710	-41.940	-89.965	input_file.pdb#98.F	1
F:99:_:GLU	F	99	GLU	NaN	6	101.430	50.728	-41.299	-87.677	input_file.pdb#99.F	1
F:100:_:PRO	F	100	PRO	NaN	8	82.650	50.877	-44.928	-86.542	input_file.pdb#100.F	1
F:101:_:GLY	F	101	GLY	NaN	6	81.220	54.571	-44.441	-85.788	input_file.pdb#101.F	1
F:102:_:ARG	F	102	ARG	NaN	7	102.450	53.790	-41.319	-83.762	input_file.pdb#102.F	1
F:103:_:VAL	F	103	VAL	NaN	12	81.550	51.106	-43.202	-81.822	input_file.pdb#103.F	1
F:104:_:PHE	F	104	PHE	NaN	11	90.460	53.118	-46.216	-80.645	input_file.pdb#104.F	1
F:105:_:ILE	F	105	ILE	NaN	8	102.850	56.407	-44.329	-80.440	input_file.pdb#105.F	1
F:106:_:ASP	F	106	ASP	NaN	10	113.490	57.740	-40.770	-80.308	input_file.pdb#106.F	1
F:107:_:ILE	F	107	ILE	NaN	13	108.480	57.514	-38.363	-83.255	input_file.pdb#107.F	1
F:108:_:VAL	F	108	VAL	NaN	12	114.090	61.307	-38.644	-83.327	input_file.pdb#108.F	1
F:109:_:ASP	F	109	ASP	NaN	9	91.940	60.786	-42.073	-84.889	input_file.pdb#109.F	1
F:110:_:LEU	F	110	LEU	NaN	10	88.900	57.979	-40.602	-86.983	input_file.pdb#110.F	1
F:111:_:VAL	F	111	VAL	NaN	16	98.580	60.154	-38.236	-89.007	input_file.pdb#111.F	1
F:112:_:LYS	F	112	LYS	NaN	12	78.820	62.698	-41.042	-89.401	input_file.pdb#112.F	1
F:113:_:LYS	F	113	LYS	NaN	7	59.250	60.164	-43.503	-90.818	input_file.pdb#113.F	1
F:114:_:TYR	F	114	TYR	NaN	7	72.520	58.842	-40.685	-93.003	input_file.pdb#114.F	1
F:115:_:ALA	F	115	ALA	NaN	9	85.120	62.336	-40.111	-94.367	input_file.pdb#115.F	1
F:116:_:ASP	F	116	ASP	NaN	9	60.360	63.124	-43.761	-95.030	input_file.pdb#116.F	1
F:117:_:GLU	F	117	GLU	NaN	8	77.510	59.715	-44.229	-96.657	input_file.pdb#117.F	1
F:118:_:LYS	F	118	LYS	NaN	7	74.560	60.261	-41.144	-98.816	input_file.pdb#118.F	1
F:119:_:ALA	F	119	ALA	NaN	11	68.960	63.640	-42.449	-99.980	input_file.pdb#119.F	1
F:120:_:GLY	F	120	GLY	NaN	13	74.570	62.234	-45.907	-100.718	input_file.pdb#120.F	1
F:121:_:LYS	F	121	LYS	NaN	9	66.600	59.321	-44.489	-102.710	input_file.pdb#121.F	1
F:122:_:PHE	F	122	PHE	NaN	8	75.340	61.518	-42.048	-104.634	input_file.pdb#122.F	1
F:123:_:VAL	F	123	VAL	NaN	13	71.470	63.691	-45.027	-105.555	input_file.pdb#123.F	1
F:124:_:ASN	F	124	ASN	NaN	10	82.860	60.621	-47.054	-106.532	input_file.pdb#124.F	1
F:125:_:GLY	F	125	GLY	NaN	8	63.190	59.432	-44.334	-108.917	input_file.pdb#125.F	1
F:126:_:VAL	F	126	VAL	NaN	11	88.250	62.627	-44.541	-110.982	input_file.pdb#126.F	1
F:127:_:LEU	F	127	LEU	NaN	12	104.450	62.873	-48.333	-110.660	input_file.pdb#127.F	1
F:128:_:SER	F	128	SER	NaN	8	112.480	60.791	-49.279	-113.704	input_file.pdb#128.F	1
F:129:_:ALA	F	129	ALA	NaN	9	107.140	23.995	-10.930	22.038	input_file.pdb#129.F	1
F:130:_:ILE	F	130	ILE	NaN	12	108.550	23.482	-12.773	18.736	input_file.pdb#130.F	1
F:131:_:TYR	F	131	TYR	NaN	10	78.540	20.878	-10.531	17.032	input_file.pdb#131.F	1
F:132:_:LYS	F	132	LYS	NaN	8	74.410	23.604	-7.981	16.287	input_file.pdb#132.F	1
F:133:_:ALA	F	133	ALA	NaN	8	66.410	24.857	-9.630	13.075	input_file.pdb#133.F	1
F:134:_:TYR	F	134	TYR	NaN	9	63.030	21.385	-9.834	11.550	input_file.pdb#134.F	1
F:135:_:ILE	F	135	ILE	NaN	7	65.610	20.698	-6.252	12.581	input_file.pdb#135.F	1
F:136:_:THR	F	136	THR	NaN	6	60.170	23.910	-5.168	10.845	input_file.pdb#136.F	1
F:137:_:SER	F	137	SER	NaN	5	65.110	22.982	-7.059	7.681	input_file.pdb#137.F	1
F:138:_:SER	F	138	SER	NaN	4	66.950	19.531	-5.452	7.589	input_file.pdb#138.F	1
F:201:_:SO4	F	201	SO4	NaN	0	61.340	21.008	-2.004	8.221	input_file.pdb#201.F	1
F:202:_:GOL	F	202	GOL	NaN	0	51.770	23.538	-2.525	5.449	input_file.pdb#202.F	1
G:1:_:MET	G	1	MET	NaN	3	61.120	20.815	-3.480	2.966	input_file.pdb#1.G	1
G:2:_:ARG	G	2	ARG	NaN	4	67.350	18.796	-0.419	3.965	input_file.pdb#2.G	1
G:3:_:TYR	G	3	TYR	NaN	9	74.710	21.765	1.932	3.520	input_file.pdb#3.G	1
G:4:_:ARG	G	4	ARG	NaN	9	72.080	22.879	0.325	0.249	input_file.pdb#4.G	1
G:5:_:LYS	G	5	LYS	NaN	8	83.030	19.424	0.740	-1.257	input_file.pdb#5.G	1
G:6:_:GLY	G	6	GLY	NaN	9	71.290	19.017	4.206	0.276	input_file.pdb#6.G	1
G:7:_:ALA	G	7	ALA	NaN	13	92.840	22.148	5.347	-1.532	input_file.pdb#7.G	1
G:8:_:ARG	G	8	ARG	NaN	13	84.690	21.465	3.431	-4.742	input_file.pdb#8.G	1
G:9:_:ASP	G	9	ASP	NaN	9	91.910	17.691	3.723	-5.193	input_file.pdb#9.G	1
G:10:_:THR	G	10	THR	NaN	12	74.920	17.225	7.047	-3.392	input_file.pdb#10.G	1
G:11:_:ALA	G	11	ALA	NaN	13	85.400	14.041	5.678	-1.814	input_file.pdb#11.G	1
G:12:_:PHE	G	12	PHE	NaN	11	97.230	12.844	6.601	1.684	input_file.pdb#12.G	1
G:13:_:LEU	G	13	LEU	NaN	9	81.640	14.847	4.876	4.488	input_file.pdb#13.G	1
G:14:_:VAL	G	14	VAL	NaN	13	82.270	11.726	3.836	6.408	input_file.pdb#14.G	1
G:15:_:LEU	G	15	LEU	NaN	13	98.310	10.032	2.359	3.343	input_file.pdb#15.G	1
G:16:_:TYR	G	16	TYR	NaN	12	82.540	13.191	0.465	2.402	input_file.pdb#16.G	1
G:17:_:ARG	G	17	ARG	NaN	11	82.220	13.395	-0.708	6.008	input_file.pdb#17.G	1
G:18:_:TRP	G	18	TRP	NaN	12	91.910	9.872	-2.095	5.671	input_file.pdb#18.G	1
G:19:_:ASP	G	19	ASP	NaN	9	89.600	10.881	-3.760	2.396	input_file.pdb#19.G	1
G:20:_:LEU	G	20	LEU	NaN	8	80.770	14.019	-5.410	3.778	input_file.pdb#20.G	1
G:21:_:ARG	G	21	ARG	NaN	7	73.550	12.291	-6.537	6.981	input_file.pdb#21.G	1
G:22:_:GLY	G	22	GLY	NaN	7	96.420	9.364	-8.019	5.047	input_file.pdb#22.G	1
G:23:_:GLU	G	23	GLU	NaN	8	73.190	11.498	-9.787	2.445	input_file.pdb#23.G	1
G:24:_:ASN	G	24	ASN	NaN	7	81.120	13.961	-11.177	4.994	input_file.pdb#24.G	1
G:25:_:PRO	G	25	PRO	NaN	11	76.880	11.027	-12.433	7.072	input_file.pdb#25.G	1
G:26:_:GLY	G	26	GLY	NaN	6	67.110	12.370	-10.737	10.196	input_file.pdb#26.G	1
G:27:_:GLU	G	27	GLU	NaN	8	82.290	10.326	-11.450	13.320	input_file.pdb#27.G	1
G:28:_:LEU	G	28	LEU	NaN	12	70.870	12.409	-11.411	16.521	input_file.pdb#28.G	1
G:29:_:PHE	G	29	PHE	NaN	11	75.650	12.102	-8.047	18.269	input_file.pdb#29.G	1
G:30:_:LYS	G	30	LYS	NaN	8	68.110	15.736	-7.437	19.249	input_file.pdb#30.G	1
G:31:_:GLU	G	31	GLU	NaN	8	63.950	16.977	-7.744	15.668	input_file.pdb#31.G	1
G:32:_:VAL	G	32	VAL	NaN	11	66.450	14.176	-5.502	14.393	input_file.pdb#32.G	1
G:33:_:VAL	G	33	VAL	NaN	11	85.780	14.715	-2.700	16.907	input_file.pdb#33.G	1
G:34:_:GLU	G	34	GLU	NaN	8	80.200	18.507	-2.920	16.694	input_file.pdb#34.G	1
G:35:_:GLU	G	35	GLU	NaN	7	65.940	18.362	-2.723	12.902	input_file.pdb#35.G	1
G:36:_:LYS	G	36	LYS	NaN	6	73.570	16.015	0.253	13.184	input_file.pdb#36.G	1
G:37:_:ASN	G	37	ASN	NaN	6	75.670	18.389	1.998	15.606	input_file.pdb#37.G	1
G:38:_:ILE	G	38	ILE	NaN	9	75.080	21.345	1.296	13.309	input_file.pdb#38.G	1
G:39:_:LYS	G	39	LYS	NaN	6	74.480	19.517	2.690	10.279	input_file.pdb#39.G	1
G:40:_:ASN	G	40	ASN	NaN	6	87.690	18.306	5.748	12.203	input_file.pdb#40.G	1
G:41:_:LYS	G	41	LYS	NaN	6	78.500	21.785	6.415	13.607	input_file.pdb#41.G	1
G:42:_:ASP	G	42	ASP	NaN	7	70.060	23.107	6.066	10.060	input_file.pdb#42.G	1
G:43:_:ALA	G	43	ALA	NaN	13	90.480	20.598	8.425	8.409	input_file.pdb#43.G	1
G:44:_:TYR	G	44	TYR	NaN	12	92.760	20.689	11.069	11.102	input_file.pdb#44.G	1
G:45:_:GLU	G	45	GLU	NaN	8	94.970	24.416	11.994	11.318	input_file.pdb#45.G	1
G:46:_:TYR	G	46	TYR	NaN	11	79.230	24.966	10.825	7.699	input_file.pdb#46.G	1
G:47:_:ALA	G	47	ALA	NaN	13	95.780	26.923	13.918	6.618	input_file.pdb#47.G	1
G:48:_:LYS	G	48	LYS	NaN	10	98.930	29.114	13.903	9.724	input_file.pdb#48.G	1
G:49:_:LYS	G	49	LYS	NaN	8	82.850	29.928	10.269	8.971	input_file.pdb#49.G	1
G:50:_:LEU	G	50	LEU	NaN	14	86.580	30.608	11.043	5.302	input_file.pdb#50.G	1
G:51:_:VAL	G	51	VAL	NaN	12	94.910	33.068	13.730	6.385	input_file.pdb#51.G	1
G:52:_:ASP	G	52	ASP	NaN	8	86.350	34.736	11.358	8.848	input_file.pdb#52.G	1
G:53:_:THR	G	53	THR	NaN	11	84.190	35.353	8.659	6.234	input_file.pdb#53.G	1
G:54:_:ALA	G	54	ALA	NaN	12	75.520	36.250	11.267	3.617	input_file.pdb#54.G	1
G:55:_:VAL	G	55	VAL	NaN	8	97.460	39.057	12.438	5.893	input_file.pdb#55.G	1
G:56:_:ARG	G	56	ARG	NaN	6	101.030	40.780	9.052	5.614	input_file.pdb#56.G	1
G:57:_:HIS	G	57	HIS	NaN	8	73.540	40.390	8.710	1.839	input_file.pdb#57.G	1
G:58:_:ILE	G	58	ILE	NaN	9	96.250	43.395	11.009	1.385	input_file.pdb#58.G	1
G:59:_:GLU	G	59	GLU	NaN	6	86.020	41.545	13.759	-0.459	input_file.pdb#59.G	1
G:60:_:GLU	G	60	GLU	NaN	7	87.880	39.429	11.310	-2.434	input_file.pdb#60.G	1
G:61:_:ILE	G	61	ILE	NaN	11	91.260	35.734	12.142	-2.744	input_file.pdb#61.G	1
G:62:_:ASP	G	62	ASP	NaN	10	94.910	33.511	9.429	-1.262	input_file.pdb#62.G	1
G:63:_:SER	G	63	SER	NaN	8	91.530	31.598	8.866	-4.510	input_file.pdb#63.G	1
G:64:_:ILE	G	64	ILE	NaN	9	98.100	34.813	7.370	-5.902	input_file.pdb#64.G	1
G:65:_:ILE	G	65	ILE	NaN	14	73.690	34.264	4.209	-3.865	input_file.pdb#65.G	1
G:66:_:GLU	G	66	GLU	NaN	12	78.050	31.897	1.316	-4.493	input_file.pdb#66.G	1
G:67:_:LYS	G	67	LYS	NaN	8	82.960	28.338	1.284	-3.160	input_file.pdb#67.G	1
G:68:_:HIS	G	68	HIS	NaN	10	69.760	29.080	-1.693	-0.915	input_file.pdb#68.G	1
G:69:_:LEU	G	69	LEU	NaN	10	64.840	32.374	-0.250	0.341	input_file.pdb#69.G	1
G:70:_:LYS	G	70	LYS	NaN	6	70.270	30.921	3.216	0.960	input_file.pdb#70.G	1
G:71:_:GLY	G	71	GLY	NaN	7	67.200	27.690	2.189	2.704	input_file.pdb#71.G	1
G:72:_:TRP	G	72	TRP	NaN	7	74.300	29.397	-0.512	4.776	input_file.pdb#72.G	1
G:73:_:SER	G	73	SER	NaN	7	71.350	31.941	2.080	5.895	input_file.pdb#73.G	1
G:74:_:ILE	G	74	ILE	NaN	10	71.090	29.047	4.380	6.813	input_file.pdb#74.G	1
G:75:_:ASP	G	75	ASP	NaN	6	65.010	27.367	1.700	8.928	input_file.pdb#75.G	1
G:76:_:ARG	G	76	ARG	NaN	6	70.780	30.708	0.774	10.484	input_file.pdb#76.G	1
G:77:_:LEU	G	77	LEU	NaN	7	81.940	31.472	4.364	11.470	input_file.pdb#77.G	1
G:78:_:GLY	G	78	GLY	NaN	7	72.730	27.936	4.814	12.809	input_file.pdb#78.G	1
G:79:_:TYR	G	79	TYR	NaN	9	75.100	28.116	1.739	15.048	input_file.pdb#79.G	1
G:80:_:VAL	G	80	VAL	NaN	10	73.110	31.747	2.096	16.153	input_file.pdb#80.G	1
G:81:_:GLU	G	81	GLU	NaN	13	86.920	31.671	5.816	16.889	input_file.pdb#81.G	1
G:82:_:ARG	G	82	ARG	NaN	11	77.140	28.156	7.212	17.231	input_file.pdb#82.G	1
G:83:_:ASN	G	83	ASN	NaN	12	68.010	26.712	4.303	19.209	input_file.pdb#83.G	1
G:84:_:ALA	G	84	ALA	NaN	14	84.670	30.100	3.618	20.841	input_file.pdb#84.G	1
G:85:_:LEU	G	85	LEU	NaN	11	93.950	30.160	-0.166	20.436	input_file.pdb#85.G	1
G:86:_:ARG	G	86	ARG	NaN	13	89.870	31.659	-2.024	23.399	input_file.pdb#86.G	1
G:87:_:LEU	G	87	LEU	NaN	14	88.710	32.596	-4.786	20.961	input_file.pdb#87.G	1
G:88:_:GLY	G	88	GLY	NaN	12	83.160	34.687	-2.982	18.314	input_file.pdb#88.G	1
G:89:_:VAL	G	89	VAL	NaN	13	83.270	36.523	-6.045	17.019	input_file.pdb#89.G	1
G:90:_:ALA	G	90	ALA	NaN	13	87.570	33.245	-7.911	16.656	input_file.pdb#90.G	1
G:91:_:GLU	G	91	GLU	NaN	12	62.920	31.822	-5.055	14.596	input_file.pdb#91.G	1
G:92:_:LEU	G	92	LEU	NaN	12	70.360	34.963	-5.161	12.454	input_file.pdb#92.G	1
G:93:_:ILE	G	93	ILE	NaN	10	72.020	34.604	-8.904	11.829	input_file.pdb#93.G	1
G:94:_:PHE	G	94	PHE	NaN	8	60.860	30.910	-8.665	10.919	input_file.pdb#94.G	1
G:95:_:LEU	G	95	LEU	NaN	8	67.000	31.278	-5.588	8.709	input_file.pdb#95.G	1
G:96:_:LYS	G	96	LYS	NaN	7	66.890	34.267	-6.970	6.812	input_file.pdb#96.G	1
G:97:_:SER	G	97	SER	NaN	9	70.140	32.315	-10.218	6.421	input_file.pdb#97.G	1
G:98:_:LYS	G	98	LYS	NaN	4	69.460	29.426	-8.284	4.871	input_file.pdb#98.G	1
G:99:_:GLU	G	99	GLU	NaN	6	56.790	31.821	-6.492	2.532	input_file.pdb#99.G	1
G:100:_:PRO	G	100	PRO	NaN	8	58.450	33.402	-9.762	1.360	input_file.pdb#100.G	1
G:101:_:GLY	G	101	GLY	NaN	6	65.500	29.951	-11.283	0.941	input_file.pdb#101.G	1
G:102:_:ARG	G	102	ARG	NaN	7	62.030	28.287	-8.507	-1.064	input_file.pdb#102.G	1
G:103:_:VAL	G	103	VAL	NaN	12	70.480	31.352	-7.484	-3.087	input_file.pdb#103.G	1
G:104:_:PHE	G	104	PHE	NaN	11	67.710	34.623	-9.457	-2.865	input_file.pdb#104.G	1
G:105:_:ILE	G	105	ILE	NaN	8	88.890	37.824	-10.115	-0.895	input_file.pdb#105.G	1
G:106:_:ASP	G	106	ASP	NaN	10	90.540	39.745	-6.996	-1.956	input_file.pdb#106.G	1
G:107:_:ILE	G	107	ILE	NaN	11	72.150	36.820	-4.749	-1.043	input_file.pdb#107.G	1
G:108:_:VAL	G	108	VAL	NaN	12	76.260	36.898	-6.449	2.346	input_file.pdb#108.G	1
G:109:_:ASP	G	109	ASP	NaN	9	76.830	40.584	-5.684	2.816	input_file.pdb#109.G	1
G:110:_:LEU	G	110	LEU	NaN	10	70.140	40.032	-2.077	1.713	input_file.pdb#110.G	1
G:111:_:VAL	G	111	VAL	NaN	16	72.320	37.100	-1.507	4.083	input_file.pdb#111.G	1
G:112:_:LYS	G	112	LYS	NaN	12	86.480	39.082	-3.218	6.834	input_file.pdb#112.G	1
G:113:_:LYS	G	113	LYS	NaN	7	89.690	42.073	-0.921	6.395	input_file.pdb#113.G	1
G:114:_:TYR	G	114	TYR	NaN	7	68.770	40.032	2.272	6.129	input_file.pdb#114.G	1
G:115:_:ALA	G	115	ALA	NaN	9	81.900	37.772	1.487	9.086	input_file.pdb#115.G	1
G:116:_:ASP	G	116	ASP	NaN	9	75.450	40.778	0.414	11.161	input_file.pdb#116.G	1
G:117:_:GLU	G	117	GLU	NaN	8	91.280	42.466	3.750	10.463	input_file.pdb#117.G	1
G:118:_:LYS	G	118	LYS	NaN	7	91.510	39.244	5.569	11.383	input_file.pdb#118.G	1
G:119:_:ALA	G	119	ALA	NaN	11	97.470	38.912	3.728	14.695	input_file.pdb#119.G	1
G:120:_:GLY	G	120	GLY	NaN	14	103.830	42.587	4.324	15.451	input_file.pdb#120.G	1
G:121:_:LYS	G	121	LYS	NaN	9	90.390	41.901	8.024	14.935	input_file.pdb#121.G	1
G:122:_:PHE	G	122	PHE	NaN	9	107.750	38.795	7.845	17.123	input_file.pdb#122.G	1
G:123:_:VAL	G	123	VAL	NaN	13	120.780	40.082	5.951	20.168	input_file.pdb#123.G	1
G:124:_:ASN	G	124	ASN	NaN	10	120.160	43.023	8.326	20.634	input_file.pdb#124.G	1
G:125:_:GLY	G	125	GLY	NaN	8	132.340	40.772	11.339	20.207	input_file.pdb#125.G	1
G:126:_:VAL	G	126	VAL	NaN	11	137.160	40.826	11.013	24.000	input_file.pdb#126.G	1
G:127:_:LEU	G	127	LEU	NaN	12	102.340	25.282	-14.845	-21.922	input_file.pdb#127.G	1
G:128:_:SER	G	128	SER	NaN	8	97.520	21.641	-14.257	-22.841	input_file.pdb#128.G	1
G:129:_:ALA	G	129	ALA	NaN	9	86.220	20.164	-15.873	-19.711	input_file.pdb#129.G	1
G:130:_:ILE	G	130	ILE	NaN	12	108.870	21.551	-13.348	-17.232	input_file.pdb#130.G	1
G:131:_:TYR	G	131	TYR	NaN	10	86.530	20.455	-10.582	-19.577	input_file.pdb#131.G	1
G:132:_:LYS	G	132	LYS	NaN	8	80.920	16.924	-11.990	-19.506	input_file.pdb#132.G	1
G:133:_:ALA	G	133	ALA	NaN	8	69.930	16.947	-12.171	-15.703	input_file.pdb#133.G	1
G:134:_:TYR	G	134	TYR	NaN	9	80.470	18.160	-8.576	-15.612	input_file.pdb#134.G	1
G:135:_:ILE	G	135	ILE	NaN	7	68.190	15.501	-7.365	-18.045	input_file.pdb#135.G	1
G:136:_:THR	G	136	THR	NaN	6	60.740	12.838	-9.246	-16.102	input_file.pdb#136.G	1
G:137:_:SER	G	137	SER	NaN	5	61.510	13.823	-7.617	-12.806	input_file.pdb#137.G	1
G:138:_:SER	G	138	SER	NaN	4	77.840	13.923	-4.192	-14.466	input_file.pdb#138.G	1
G:201:_:GOL	G	201	GOL	NaN	0	72.710	10.482	-4.580	-16.063	input_file.pdb#201.G	1
H:3:_:TYR	H	3	TYR	NaN	6	69.200	9.149	-5.889	-12.752	input_file.pdb#3.H	1
H:4:_:ARG	H	4	ARG	NaN	8	81.350	10.415	-2.870	-10.816	input_file.pdb#4.H	1
H:5:_:LYS	H	5	LYS	NaN	7	91.770	9.028	-0.600	-13.536	input_file.pdb#5.H	1
H:6:_:GLY	H	6	GLY	NaN	9	81.080	5.550	-2.123	-13.363	input_file.pdb#6.H	1
H:7:_:ALA	H	7	ALA	NaN	12	97.000	5.761	-2.038	-9.567	input_file.pdb#7.H	1
H:8:_:ARG	H	8	ARG	NaN	13	111.290	7.271	1.328	-8.622	input_file.pdb#8.H	1
H:9:_:ASP	H	9	ASP	NaN	9	100.480	6.416	3.245	-11.794	input_file.pdb#9.H	1
H:10:_:THR	H	10	THR	NaN	11	98.470	9.657	5.201	-12.050	input_file.pdb#10.H	1
H:11:_:ALA	H	11	ALA	NaN	14	78.690	11.944	5.745	-15.038	input_file.pdb#11.H	1
H:12:_:PHE	H	12	PHE	NaN	11	99.450	13.100	2.445	-16.645	input_file.pdb#12.H	1
H:13:_:LEU	H	13	LEU	NaN	9	87.390	16.637	3.750	-17.234	input_file.pdb#13.H	1
H:14:_:VAL	H	14	VAL	NaN	13	99.210	17.396	4.542	-13.600	input_file.pdb#14.H	1
H:15:_:LEU	H	15	LEU	NaN	12	90.360	15.843	1.225	-12.575	input_file.pdb#15.H	1
H:16:_:TYR	H	16	TYR	NaN	11	92.670	18.089	-0.478	-15.121	input_file.pdb#16.H	1
H:17:_:ARG	H	17	ARG	NaN	10	88.510	21.099	1.230	-13.554	input_file.pdb#17.H	1
H:18:_:TRP	H	18	TRP	NaN	12	85.230	19.974	0.040	-10.118	input_file.pdb#18.H	1
H:19:_:ASP	H	19	ASP	NaN	9	61.970	19.463	-3.591	-11.159	input_file.pdb#19.H	1
H:20:_:LEU	H	20	LEU	NaN	7	82.750	22.785	-3.609	-13.023	input_file.pdb#20.H	1
H:21:_:ARG	H	21	ARG	NaN	6	87.560	24.526	-2.224	-9.939	input_file.pdb#21.H	1
H:22:_:GLY	H	22	GLY	NaN	7	82.360	22.928	-4.787	-7.618	input_file.pdb#22.H	1
H:23:_:GLU	H	23	GLU	NaN	7	87.840	23.687	-7.951	-9.605	input_file.pdb#23.H	1
H:24:_:ASN	H	24	ASN	NaN	7	101.490	27.190	-6.729	-10.493	input_file.pdb#24.H	1
H:25:_:PRO	H	25	PRO	NaN	10	104.760	27.112	-7.172	-14.263	input_file.pdb#25.H	1
H:26:_:GLY	H	26	GLY	NaN	6	108.640	30.655	-7.640	-15.544	input_file.pdb#26.H	1
H:27:_:GLU	H	27	GLU	NaN	8	104.480	30.358	-8.921	-19.114	input_file.pdb#27.H	1
H:28:_:LEU	H	28	LEU	NaN	12	109.270	29.646	-6.297	-21.780	input_file.pdb#28.H	1
H:29:_:PHE	H	29	PHE	NaN	11	119.440	27.388	-8.437	-23.975	input_file.pdb#29.H	1
H:30:_:LYS	H	30	LYS	NaN	8	97.100	25.048	-9.199	-21.070	input_file.pdb#30.H	1
H:31:_:GLU	H	31	GLU	NaN	10	87.940	24.700	-5.480	-20.340	input_file.pdb#31.H	1
H:32:_:VAL	H	32	VAL	NaN	11	99.520	24.114	-4.489	-23.972	input_file.pdb#32.H	1
H:33:_:VAL	H	33	VAL	NaN	11	101.720	21.666	-7.356	-24.502	input_file.pdb#33.H	1
H:34:_:GLU	H	34	GLU	NaN	8	82.470	19.585	-6.796	-21.348	input_file.pdb#34.H	1
H:35:_:GLU	H	35	GLU	NaN	6	88.300	19.466	-3.088	-22.210	input_file.pdb#35.H	1
H:36:_:LYS	H	36	LYS	NaN	6	89.350	18.171	-3.860	-25.706	input_file.pdb#36.H	1
H:37:_:ASN	H	37	ASN	NaN	6	78.840	15.547	-6.171	-24.186	input_file.pdb#37.H	1
H:38:_:ILE	H	38	ILE	NaN	9	77.170	14.314	-3.542	-21.731	input_file.pdb#38.H	1
H:39:_:LYS	H	39	LYS	NaN	5	81.490	14.245	-0.827	-24.406	input_file.pdb#39.H	1
H:40:_:ASN	H	40	ASN	NaN	6	77.310	12.391	-3.048	-26.884	input_file.pdb#40.H	1
H:41:_:LYS	H	41	LYS	NaN	7	77.390	9.866	-3.972	-24.198	input_file.pdb#41.H	1
H:42:_:ASP	H	42	ASP	NaN	7	79.340	9.293	-0.372	-23.102	input_file.pdb#42.H	1
H:43:_:ALA	H	43	ALA	NaN	12	91.440	8.848	1.024	-26.617	input_file.pdb#43.H	1
H:44:_:TYR	H	44	TYR	NaN	12	91.450	6.299	-1.584	-27.736	input_file.pdb#44.H	1
H:45:_:GLU	H	45	GLU	NaN	8	82.440	4.692	-2.010	-24.297	input_file.pdb#45.H	1
H:46:_:TYR	H	46	TYR	NaN	10	97.590	1.048	-1.286	-25.209	input_file.pdb#46.H	1
H:47:_:ALA	H	47	ALA	NaN	14	86.050	1.086	-3.448	-28.331	input_file.pdb#47.H	1
H:48:_:LYS	H	48	LYS	NaN	10	75.490	2.723	-6.190	-26.268	input_file.pdb#48.H	1
H:49:_:LYS	H	49	LYS	NaN	8	68.810	-0.002	-5.865	-23.631	input_file.pdb#49.H	1
H:50:_:LEU	H	50	LEU	NaN	13	77.480	-2.627	-6.181	-26.348	input_file.pdb#50.H	1
H:51:_:VAL	H	51	VAL	NaN	13	80.770	-1.023	-9.282	-27.859	input_file.pdb#51.H	1
H:52:_:ASP	H	52	ASP	NaN	8	74.820	-0.770	-10.885	-24.425	input_file.pdb#52.H	1
H:53:_:THR	H	53	THR	NaN	12	73.470	-4.294	-9.925	-23.380	input_file.pdb#53.H	1
H:54:_:ALA	H	54	ALA	NaN	13	73.950	-5.744	-11.482	-26.531	input_file.pdb#54.H	1
H:55:_:VAL	H	55	VAL	NaN	7	71.070	-4.479	-14.918	-25.439	input_file.pdb#55.H	1
H:56:_:ARG	H	56	ARG	NaN	6	69.630	-5.381	-14.488	-21.754	input_file.pdb#56.H	1
H:57:_:HIS	H	57	HIS	NaN	9	76.630	-8.731	-16.165	-22.519	input_file.pdb#57.H	1
H:58:_:ILE	H	58	ILE	NaN	9	82.480	-10.787	-13.137	-21.492	input_file.pdb#58.H	1
H:59:_:GLU	H	59	GLU	NaN	6	77.860	-8.797	-11.886	-18.511	input_file.pdb#59.H	1
H:60:_:GLU	H	60	GLU	NaN	7	78.970	-7.690	-8.296	-18.000	input_file.pdb#60.H	1
H:61:_:ILE	H	61	ILE	NaN	12	79.380	-3.898	-8.025	-18.187	input_file.pdb#61.H	1
H:62:_:ASP	H	62	ASP	NaN	10	77.780	-3.929	-5.762	-15.119	input_file.pdb#62.H	1
H:63:_:SER	H	63	SER	NaN	8	78.420	-5.253	-8.695	-13.085	input_file.pdb#63.H	1
H:64:_:ILE	H	64	ILE	NaN	9	79.530	-2.236	-10.927	-13.718	input_file.pdb#64.H	1
H:65:_:ILE	H	65	ILE	NaN	14	69.690	0.483	-11.311	-11.110	input_file.pdb#65.H	1
H:66:_:GLU	H	66	GLU	NaN	12	73.250	3.438	-8.981	-11.654	input_file.pdb#66.H	1
H:67:_:LYS	H	67	LYS	NaN	8	81.010	5.697	-11.981	-12.271	input_file.pdb#67.H	1
H:68:_:HIS	H	68	HIS	NaN	10	59.700	3.498	-13.651	-14.892	input_file.pdb#68.H	1
H:69:_:LEU	H	69	LEU	NaN	10	75.050	2.561	-10.368	-16.568	input_file.pdb#69.H	1
H:70:_:LYS	H	70	LYS	NaN	6	73.960	6.107	-8.994	-16.844	input_file.pdb#70.H	1
H:71:_:GLY	H	71	GLY	NaN	7	62.720	7.639	-12.327	-17.828	input_file.pdb#71.H	1
H:72:_:TRP	H	72	TRP	NaN	7	61.340	5.033	-12.554	-20.587	input_file.pdb#72.H	1
H:73:_:SER	H	73	SER	NaN	8	68.020	5.912	-8.986	-21.565	input_file.pdb#73.H	1
H:74:_:ILE	H	74	ILE	NaN	10	75.650	9.613	-9.813	-21.884	input_file.pdb#74.H	1
H:75:_:ASP	H	75	ASP	NaN	4	76.040	8.887	-13.080	-23.689	input_file.pdb#75.H	1
H:76:_:ARG	H	76	ARG	NaN	6	74.530	6.645	-11.432	-26.265	input_file.pdb#76.H	1
H:77:_:LEU	H	77	LEU	NaN	8	69.840	9.165	-8.606	-26.663	input_file.pdb#77.H	1
H:78:_:GLY	H	78	GLY	NaN	6	71.700	12.100	-10.864	-27.526	input_file.pdb#78.H	1
H:79:_:TYR	H	79	TYR	NaN	9	79.060	10.153	-13.522	-29.444	input_file.pdb#79.H	1
H:80:_:VAL	H	80	VAL	NaN	10	82.680	8.159	-11.116	-31.600	input_file.pdb#80.H	1
H:81:_:GLU	H	81	GLU	NaN	11	69.260	9.714	-7.654	-31.731	input_file.pdb#81.H	1
H:82:_:ARG	H	82	ARG	NaN	10	66.090	13.337	-8.818	-31.617	input_file.pdb#82.H	1
H:83:_:ASN	H	83	ASN	NaN	12	79.170	12.414	-11.826	-33.781	input_file.pdb#83.H	1
H:84:_:ALA	H	84	ALA	NaN	13	92.090	14.600	-14.232	-31.778	input_file.pdb#84.H	1
H:85:_:LEU	H	85	LEU	NaN	12	97.580	16.115	-17.036	-33.850	input_file.pdb#85.H	1
H:86:_:ARG	H	86	ARG	NaN	13	94.690	16.196	-19.209	-30.731	input_file.pdb#86.H	1
H:87:_:LEU	H	87	LEU	NaN	16	86.320	12.543	-19.317	-29.611	input_file.pdb#87.H	1
H:88:_:GLY	H	88	GLY	NaN	12	106.970	12.789	-22.585	-27.680	input_file.pdb#88.H	1
H:89:_:VAL	H	89	VAL	NaN	13	123.720	15.601	-21.188	-25.544	input_file.pdb#89.H	1
H:90:_:ALA	H	90	ALA	NaN	14	88.090	13.584	-18.027	-24.900	input_file.pdb#90.H	1
H:91:_:GLU	H	91	GLU	NaN	14	92.520	10.685	-20.196	-23.712	input_file.pdb#91.H	1
H:92:_:LEU	H	92	LEU	NaN	12	99.260	13.133	-22.061	-21.481	input_file.pdb#92.H	1
H:93:_:ILE	H	93	ILE	NaN	10	93.780	14.674	-18.985	-19.846	input_file.pdb#93.H	1
H:94:_:PHE	H	94	PHE	NaN	8	81.790	11.326	-17.213	-19.416	input_file.pdb#94.H	1
H:95:_:LEU	H	95	LEU	NaN	8	88.750	9.480	-20.179	-17.901	input_file.pdb#95.H	1
H:96:_:LYS	H	96	LYS	NaN	7	100.120	12.462	-20.820	-15.613	input_file.pdb#96.H	1
H:97:_:SER	H	97	SER	NaN	9	82.940	12.311	-17.192	-14.479	input_file.pdb#97.H	1
H:98:_:LYS	H	98	LYS	NaN	4	82.480	8.618	-17.680	-13.723	input_file.pdb#98.H	1
H:99:_:GLU	H	99	GLU	NaN	6	100.890	9.398	-20.801	-11.699	input_file.pdb#99.H	1
H:100:_:PRO	H	100	PRO	NaN	8	80.620	12.083	-18.917	-9.758	input_file.pdb#100.H	1
H:101:_:GLY	H	101	GLY	NaN	6	90.590	10.071	-15.905	-8.580	input_file.pdb#101.H	1
H:102:_:ARG	H	102	ARG	NaN	7	101.040	6.781	-17.792	-8.376	input_file.pdb#102.H	1
H:103:_:VAL	H	103	VAL	NaN	12	113.600	5.450	-21.352	-8.243	input_file.pdb#103.H	1
H:104:_:PHE	H	104	PHE	NaN	11	105.630	5.677	-23.758	-11.190	input_file.pdb#104.H	1
H:105:_:ILE	H	105	ILE	NaN	8	113.230	1.883	-23.478	-11.263	input_file.pdb#105.H	1
H:106:_:ASP	H	106	ASP	NaN	10	90.960	2.403	-20.049	-12.824	input_file.pdb#106.H	1
H:107:_:ILE	H	107	ILE	NaN	13	85.150	5.211	-21.516	-14.920	input_file.pdb#107.H	1
H:108:_:VAL	H	108	VAL	NaN	12	99.290	3.035	-23.886	-16.942	input_file.pdb#108.H	1
H:109:_:ASP	H	109	ASP	NaN	9	77.400	0.491	-21.078	-17.336	input_file.pdb#109.H	1
H:110:_:LEU	H	110	LEU	NaN	10	58.870	3.026	-18.618	-18.754	input_file.pdb#110.H	1
H:111:_:VAL	H	111	VAL	NaN	16	69.110	4.348	-21.435	-20.939	input_file.pdb#111.H	1
H:112:_:LYS	H	112	LYS	NaN	12	85.940	0.853	-22.013	-22.303	input_file.pdb#112.H	1
H:113:_:LYS	H	113	LYS	NaN	7	60.470	0.065	-18.360	-22.966	input_file.pdb#113.H	1
H:114:_:TYR	H	114	TYR	NaN	7	77.710	3.473	-17.892	-24.593	input_file.pdb#114.H	1
H:115:_:ALA	H	115	ALA	NaN	9	75.220	2.929	-20.977	-26.750	input_file.pdb#115.H	1
H:116:_:ASP	H	116	ASP	NaN	9	70.840	-0.450	-19.672	-27.915	input_file.pdb#116.H	1
H:117:_:GLU	H	117	GLU	NaN	8	74.790	0.955	-16.213	-28.655	input_file.pdb#117.H	1
H:118:_:LYS	H	118	LYS	NaN	7	65.420	3.870	-17.630	-30.645	input_file.pdb#118.H	1
H:119:_:ALA	H	119	ALA	NaN	11	76.300	1.670	-20.072	-32.569	input_file.pdb#119.H	1
H:120:_:GLY	H	120	GLY	NaN	13	70.250	-0.503	-17.093	-33.491	input_file.pdb#120.H	1
H:121:_:LYS	H	121	LYS	NaN	9	83.800	2.568	-15.067	-34.466	input_file.pdb#121.H	1
H:122:_:PHE	H	122	PHE	NaN	8	62.590	3.757	-17.786	-36.851	input_file.pdb#122.H	1
H:123:_:VAL	H	123	VAL	NaN	13	88.400	0.564	-17.580	-38.918	input_file.pdb#123.H	1
H:124:_:ASN	H	124	ASN	NaN	10	103.370	0.314	-13.788	-38.595	input_file.pdb#124.H	1
H:125:_:GLY	H	125	GLY	NaN	8	114.650	2.397	-12.842	-41.639	input_file.pdb#125.H	1
